Iteration	Posterior	Likelihood	Prior	rate_log_sd	rate_loss	rate_neo	tree_length
0	-3801.656	-3946.265	144.6087	0.8897241	0.9188479	0.3997637	5.54386
6	-3806.669	-3951.667	144.998	0.9053804	0.9188479	0.3997637	5.320831
12	-3806.009	-3949.31	143.3005	0.8306987	0.9096956	0.5695348	6.139076
18	-3809.633	-3953.741	144.1075	0.8298251	0.9096956	0.5094766	5.750423
24	-3806.158	-3949.434	143.2764	0.7905141	0.9188479	0.42086	6.303816
30	-3805.554	-3948.933	143.3792	0.8239875	0.9188479	0.42086	6.229779
36	-3805.528	-3949.47	143.9417	0.8426335	1.138787	0.3531955	5.868189
42	-3806.605	-3951.696	145.0908	0.8527071	0.8159104	0.3225227	5.44986
48	-3803.319	-3947.605	144.2857	0.808467	0.8429639	0.4688203	5.742295
54	-3801.92	-3946.364	144.4437	0.8927686	0.928009	0.4688203	5.558272
60	-3822.184	-3966.975	144.7919	0.8357021	0.8402935	0.6650242	5.286352
66	-3810	-3952.924	142.9237	0.8547901	0.8402935	0.4271409	6.500862
72	-3816.081	-3958.719	142.6373	0.7523195	0.8402935	0.4271409	6.71122
78	-3820.754	-3963.374	142.62	0.8456662	0.85346	0.3796947	6.71122
84	-3809.61	-3952.177	142.5669	0.7843946	0.85346	0.3707903	6.782681
90	-3810.652	-3955.732	145.0797	0.8979664	0.8721649	0.363145	5.348044
96	-3808.674	-3953.647	144.9725	1.037789	0.798448	0.3888709	5.348044
102	-3802.3	-3947.375	145.0747	0.8537029	1.089927	0.3888709	5.224354
108	-3798.071	-3942.382	144.3107	0.8863172	1.120814	0.3888709	5.611498
114	-3798.461	-3943.929	145.4682	0.8081156	0.7999981	0.4092477	5.178309
120	-3792.578	-3937.783	145.2047	0.8178239	0.9843881	0.4375751	5.178309
126	-3804.203	-3949.386	145.183	0.8395652	0.9843881	0.4375751	5.178309
132	-3802.778	-3947.674	144.8959	0.9537546	0.9843881	0.4375751	5.273896
138	-3805.261	-3949.755	144.4939	0.8741406	1.001167	0.5057844	5.46532
144	-3806.331	-3950.27	143.9391	0.847984	0.8429628	0.4432716	5.934818
150	-3825.353	-3970.65	145.2966	0.8710018	0.6895937	0.4129391	5.310515
156	-3805.103	-3950.34	145.2376	0.9300221	0.6895937	0.4129391	5.310515
162	-3810.946	-3955.425	144.4796	0.9288292	1.1023	0.312707	5.592989
168	-3801.468	-3947.276	145.808	0.937584	0.7346656	0.425301	4.945379
174	-3814.434	-3959.407	144.9731	0.8680853	0.958721	0.465973	5.265221
180	-3804.068	-3948.636	144.5684	0.8967486	0.7848661	0.465973	5.578644
186	-3807.395	-3952.499	145.1037	0.8459135	0.9319015	0.465973	5.220748
192	-3813.375	-3958.587	145.2123	0.8897374	0.7387475	0.3078331	5.432091
198	-3796.402	-3940.554	144.152	0.884192	0.934281	0.4574737	5.730219
204	-3804.131	-3949.712	145.5807	0.9930951	0.934281	0.626541	4.733164
210	-3798.247	-3942.994	144.7463	0.8714415	0.924663	0.4708918	5.403467
216	-3802.804	-3948.649	145.8449	1.010227	0.9309997	0.3782436	4.809108
222	-3805.714	-3951.246	145.5323	1.010227	0.9309997	0.4731377	4.885413
228	-3815.098	-3958.975	143.8776	0.8887281	0.9953702	0.5095391	5.795321
234	-3818.201	-3962.105	143.9039	0.7736154	0.8291337	0.3753804	6.073535
240	-3806.437	-3951.5	145.0631	1.064636	0.8291337	0.3753804	5.278248
246	-3810.076	-3955.722	145.6456	0.8337845	0.9746495	0.4600422	4.908008
252	-3806.472	-3950.308	143.836	0.9605678	1.067128	0.5402947	5.713434
258	-3802.174	-3946.22	144.0461	0.913611	1.190349	0.3978214	5.697892
264	-3802.35	-3947.514	145.164	1.03094	1.123	0.4614521	4.985171
270	-3809.823	-3953.993	144.1704	0.8140105	0.8703272	0.3639308	5.89341
276	-3804.376	-3949.834	145.4578	0.8651135	0.8703272	0.4429575	5.073423
282	-3801.175	-3944.835	143.6602	0.8725866	1.158385	0.5417305	5.810517
288	-3796.942	-3939.843	142.9009	0.804976	1.158385	0.3585175	6.439471
294	-3809.754	-3953.696	143.9415	0.8773671	1.013546	0.4697459	5.793207
300	-3805.645	-3948.571	142.926	0.7162816	1.013546	0.4969057	6.409031
306	-3801.935	-3945.652	143.7171	0.7860878	0.9320067	0.4240119	6.05574
312	-3805.582	-3949.939	144.3569	0.8628996	1.092337	0.4231175	5.577565
318	-3815.216	-3959.744	144.5281	0.934746	1.071404	0.4231175	5.454772
324	-3808.922	-3953.194	144.2714	0.8072064	0.9260631	0.3831626	5.787666
330	-3815.495	-3958.006	142.5114	0.7895507	0.9260631	0.367008	6.771228
336	-3812.044	-3956.644	144.6004	1.011643	0.9260631	0.367008	5.512877
342	-3809.275	-3953.844	144.5695	0.9057465	0.8523639	0.4130698	5.582622
348	-3804.761	-3948.848	144.0876	0.9251571	1.007033	0.4101973	5.749539
354	-3804.803	-3948.965	144.1614	0.9379185	0.7461828	0.4555147	5.815029
360	-3796.066	-3941.038	144.9724	0.824846	0.8902646	0.4168996	5.378405
366	-3793.671	-3940.891	147.2204	1.060826	0.839229	0.4168996	4.019166
372	-3811.421	-3959.67	148.2491	1.30752	1.084379	0.3125848	3.257024
378	-3806.904	-3954.174	147.2702	1.320542	1.026731	0.3492677	3.805332
384	-3797.806	-3945.915	148.1088	1.292291	0.7428416	0.4974815	3.355407
390	-3806.425	-3953.205	146.7797	1.112069	0.8014926	0.4974815	4.185004
396	-3815.543	-3962.462	146.9186	1.039975	1.015862	0.4037574	4.110635
402	-3814.918	-3961.351	146.4332	1.034431	0.739519	0.5201682	4.446449
408	-3808.78	-3954.643	145.8631	1.049007	0.739519	0.5201682	4.758084
414	-3809.195	-3954.245	145.0496	0.9601745	1.016971	0.516216	5.092797
420	-3809.606	-3955.095	145.4894	0.9544422	0.8466061	0.4349267	5.029139
426	-3806.968	-3952.687	145.7188	0.9449473	0.6681291	0.4349267	5.029139
432	-3808.36	-3952.086	143.7256	0.7689508	0.8656307	0.4064333	6.117591
438	-3802.836	-3947.311	144.475	0.8642395	0.860183	0.4064333	5.659364
444	-3810.12	-3955.328	145.2087	0.9896393	0.860183	0.442203	5.149463
450	-3807.902	-3952.267	144.3647	0.9456177	0.860183	0.4690654	5.612905
456	-3813.195	-3957.504	144.3092	0.9456177	0.9252058	0.4690654	5.604511
462	-3809.164	-3953.354	144.1905	0.8899212	0.764459	0.4720554	5.797306
468	-3803.712	-3946.45	142.7382	0.7380586	0.7869743	0.3821495	6.744527
474	-3804.626	-3948.224	143.5976	0.8178982	0.9058742	0.3821495	6.162386
480	-3805.904	-3948.434	142.5293	0.7798032	1.042425	0.4702285	6.598611
486	-3806.036	-3949.12	143.0841	0.8632416	0.8653862	0.4394188	6.381882
492	-3805.343	-3949.107	143.7636	0.921165	0.9307935	0.3996409	5.982529
498	-3820.301	-3964.63	144.3293	0.7923591	0.8950215	0.4167173	5.74688
504	-3810.025	-3953.776	143.7511	0.9109461	0.8435246	0.4461659	5.999893
510	-3803.134	-3949.315	146.1809	1.115291	0.8435246	0.4305	4.559768
516	-3817.64	-3965.772	148.1317	1.164967	0.6178287	0.4305	3.581831
522	-3817.439	-3964.299	146.86	1.004806	0.6753379	0.494447	4.292822
528	-3810.157	-3955.562	145.4056	0.9293182	0.7749057	0.4172741	5.154084
534	-3809.049	-3955.134	146.0844	0.9297362	0.7749057	0.4001497	4.794557
540	-3817.905	-3963.149	145.2436	1.03294	0.8971131	0.4569481	5.069057
546	-3815.663	-3958.743	143.08	0.9497184	0.8587034	0.3485429	6.437422
552	-3816.28	-3960.323	144.0429	0.9792559	1.022252	0.5066126	5.643134
558	-3811.713	-3957.408	145.6956	0.9737427	1.022252	0.4585272	4.776992
564	-3809.911	-3956.46	146.5497	0.9522355	0.7875927	0.4341305	4.476974
570	-3805.872	-3951.827	145.9555	0.9613393	0.7875927	0.4351684	4.803781
576	-3801.515	-3946.802	145.2872	0.9528268	1.069366	0.4351684	5.013992
582	-3792.607	-3936.913	144.3064	0.7772143	0.7391739	0.300238	5.999488
588	-3798.212	-3943.104	144.8921	0.9168385	0.957619	0.4342275	5.314855
594	-3795.052	-3938.008	142.9566	0.9163844	0.957619	0.4342275	6.373666
600	-3806.34	-3951.033	144.6939	0.8004427	0.9087631	0.5313083	5.425838
606	-3801.892	-3946.239	144.3473	0.8293235	0.9087631	0.3532175	5.77752
612	-3810.075	-3954.237	144.162	0.7628134	0.7056196	0.4376848	5.955932
618	-3797.835	-3941.71	143.875	0.8227404	0.9415028	0.4124811	5.955932
624	-3801.457	-3947.238	145.7809	0.9972572	0.9415028	0.3793127	4.84465
630	-3805.391	-3951.934	146.5432	1.133062	0.9415028	0.3793127	4.340716
636	-3804.603	-3950.169	145.566	1.005505	0.984338	0.5041118	4.809514
642	-3798.961	-3945.321	146.3595	0.9977235	0.984338	0.5020342	4.370516
648	-3799.367	-3944.414	145.0465	0.9999695	1.025731	0.4967892	5.085352
654	-3811.513	-3958.06	146.5471	0.9907268	0.7262478	0.4514432	4.481703
660	-3804.043	-3948.104	144.0605	0.8534151	1.081515	0.3160693	5.870369
666	-3818.384	-3962.454	144.0701	0.9013661	1.169663	0.2870744	5.831598
672	-3807.623	-3952.515	144.8921	0.8863302	0.7827175	0.4094397	5.464223
678	-3811.402	-3956.296	144.8932	0.9168765	0.7827175	0.3715366	5.48768
684	-3814.227	-3958.97	144.7433	0.9668708	0.8206189	0.554167	5.341359
690	-3813.774	-3958.493	144.7196	0.9419823	0.8003045	0.4365644	5.489306
696	-3820.985	-3964.922	143.937	0.7584462	0.9881457	0.4365644	5.90667
702	-3812.708	-3958.246	145.5384	0.9088654	0.7947367	0.4365644	5.058915
708	-3810.432	-3955.97	145.5384	0.8857938	0.8144099	0.4365644	5.058915
714	-3810.723	-3954.442	143.7193	0.8826157	0.9035504	0.6202299	5.845461
720	-3808.02	-3952.97	144.9499	0.8196902	0.8034704	0.375523	5.491978
726	-3810.33	-3954.106	143.7759	0.7290738	0.7998264	0.375523	6.18593
732	-3825.545	-3969.036	143.491	0.8351567	0.6946315	0.3640953	6.366654
738	-3808.333	-3952.829	144.4961	0.8719418	0.887952	0.4271642	5.605398
744	-3801.225	-3944.214	142.9896	0.7936371	0.961537	0.4123536	6.442136
750	-3815.19	-3959.82	144.6296	0.7613795	0.9402908	0.3321715	5.666405
756	-3811.954	-3956.424	144.4696	0.9341644	1.148664	0.3321715	5.548445
762	-3802.843	-3947.109	144.2668	0.8619642	0.9654622	0.4986574	5.623157
768	-3811.493	-3956.387	144.8932	0.9672117	0.8692461	0.3509975	5.428374
774	-3810.081	-3954.426	144.3447	0.8845471	0.8692461	0.4734092	5.647704
780	-3807.003	-3952.099	145.0963	0.8966353	0.8692461	0.3720204	5.331432
786	-3810.947	-3955.457	144.5103	0.987964	1.021961	0.5641885	5.331432
792	-3809.312	-3953.893	144.5804	0.9025164	0.7678671	0.5941468	5.46799
798	-3803.254	-3947.85	144.5956	0.9491632	1.022461	0.5941468	5.280844
804	-3805.662	-3950.092	144.4302	0.9908632	0.8396723	0.4535146	5.579731
810	-3808.841	-3952.777	143.9358	0.8269712	1.028534	0.5562462	5.738806
816	-3801.478	-3946.515	145.0374	0.9332334	1.045822	0.4351938	5.175812
822	-3794.346	-3937.684	143.3388	0.8376793	0.9190037	0.5062137	6.163193
828	-3809.839	-3955.077	145.2379	0.8856854	0.9331283	0.3895921	5.201746
834	-3812.864	-3957.1	144.2367	0.7828526	0.8474901	0.3891987	5.860471
840	-3817.517	-3961.363	143.8465	0.8951702	0.8474901	0.4956751	5.907362
846	-3806.599	-3952.375	145.7752	0.9304749	0.8474901	0.4956751	4.824046
852	-3817.658	-3962.112	144.4537	0.9704791	0.8474901	0.3824543	5.646172
858	-3814.771	-3958.07	143.2981	0.8180702	1.01036	0.3824543	6.266108
864	-3814.394	-3959.099	144.7048	0.8716057	0.8713638	0.518754	5.414129
870	-3806.414	-3950.599	144.1852	0.8310694	0.8713638	0.518754	5.721832
876	-3824.689	-3969.373	144.6846	0.9095576	0.7373359	0.5104759	5.498602
882	-3821.596	-3965.296	143.7005	0.867806	0.9011183	0.5776894	5.899107
888	-3824.844	-3969.905	145.0604	0.9209011	0.6053788	0.3479417	5.548463
894	-3817.379	-3962.481	145.1024	0.8977056	0.5633251	0.456228	5.457621
900	-3812.906	-3958.79	145.8839	0.8940209	0.5633251	0.4469427	5.036835
906	-3814.778	-3960.253	145.475	0.9563735	0.705377	0.3840431	5.184236
912	-3814.131	-3958.35	144.2187	0.811152	0.8029385	0.491797	5.781432
918	-3803.049	-3947.621	144.5723	0.8750291	0.7802142	0.491797	5.567313
924	-3813.95	-3958.654	144.7041	0.9393845	0.7802142	0.3677188	5.58516
930	-3812.732	-3956.631	143.8995	1.006176	0.9349659	0.5523156	5.715864
936	-3798.357	-3942.911	144.5533	1.033966	0.9349659	0.5493922	5.343634
942	-3792.087	-3936.688	144.6005	0.9030341	0.9349659	0.3703821	5.563601
948	-3801.987	-3945.178	143.1917	0.8743783	1.072468	0.3864878	6.256256
954	-3799.413	-3943.831	144.4186	1.012656	0.8272179	0.3864878	5.650616
960	-3803.745	-3948.404	144.659	0.8724689	0.7962971	0.3867781	5.615164
966	-3810.32	-3955.171	144.851	0.8826725	0.7962971	0.3867781	5.50407
972	-3808.591	-3953.043	144.4519	0.8556521	0.9321931	0.5423563	5.505363
978	-3795.959	-3941.716	145.757	0.9411521	0.7822086	0.2993696	5.084107
984	-3807.938	-3952.695	144.7569	0.9469963	0.6863016	0.4313867	5.549388
990	-3801.021	-3945.465	144.4436	0.946416	0.9559365	0.4313867	5.549388
996	-3809.385	-3953.365	143.9797	0.8871409	0.9559365	0.3553165	5.917335
1002	-3812.378	-3957.528	145.1491	0.8369091	1.114672	0.3922466	5.176114
1008	-3802.563	-3948.422	145.8585	0.9956217	1.114672	0.3928601	4.692444
1014	-3822.522	-3967.428	144.9061	1.003134	0.9736606	0.4137581	5.271316
1020	-3814.096	-3957.972	143.8764	0.74884	0.9104957	0.505781	5.923908
1026	-3813.027	-3957.621	144.5945	0.823244	0.9104957	0.505781	5.489586
1032	-3811.581	-3956.476	144.8947	0.8451763	0.7821931	0.4438847	5.450815
1038	-3809.315	-3954.143	144.8279	0.9167193	0.7821931	0.4464981	5.44561
1044	-3811.146	-3955.741	144.5948	0.8766905	0.8153539	0.479561	5.542545
1050	-3811.963	-3955.694	143.7308	0.8766905	0.8153539	0.479561	6.015519
1056	-3808.557	-3952.374	143.8169	0.8744847	0.7962927	0.4443228	6.015519
1062	-3807.499	-3951.501	144.0023	0.8111038	0.8288067	0.3858443	5.988272
1068	-3808.003	-3953.146	145.1427	0.9775476	0.9810196	0.4142591	5.149941
1074	-3799.956	-3945.349	145.3933	0.7816315	0.8527872	0.4595606	5.149941
1080	-3802.911	-3948.095	145.1842	0.9334275	0.8527872	0.4595606	5.18168
1086	-3817.077	-3961.237	144.1601	0.9334275	1.012934	0.3693357	5.745983
1092	-3818.912	-3963.538	144.6265	0.8700194	0.8152375	0.457979	5.549405
1098	-3824.122	-3969.028	144.9061	0.8122534	0.7771524	0.3647301	5.549405
1104	-3816.333	-3960.604	144.2705	0.8835584	0.9594532	0.5716233	5.549405
1110	-3821.653	-3966.053	144.4004	0.8954335	0.9756876	0.5551629	5.476085
1116	-3811.742	-3955.999	144.2574	0.9524803	1.044064	0.5669806	5.476085
1122	-3809.473	-3953.591	144.1183	0.9065671	0.9982267	0.5669806	5.602596
1128	-3810.772	-3955.96	145.1881	0.9783731	0.9982267	0.5669806	4.972083
1134	-3821.764	-3964.87	143.106	0.8588919	0.7719175	0.4772408	6.395162
1140	-3818.115	-3962.628	144.5135	0.9200164	1.094649	0.4258133	5.456139
1146	-3813.266	-3959.669	146.4029	1.176301	0.9496451	0.6008727	4.178437
1152	-3808.762	-3953.499	144.7376	1.018165	0.877693	0.5735704	5.264333
1158	-3823.97	-3968.299	144.3288	0.9079271	1.093399	0.5946387	5.412815
1164	-3815.253	-3960.238	144.9852	0.9670156	1.093399	0.5946387	5.017114
1170	-3817.883	-3962.301	144.4174	0.899249	1.093399	0.3630078	5.588296
1176	-3815.288	-3960.565	145.2769	1.031875	0.9211531	0.4815432	5.013236
1182	-3818.305	-3964.092	145.7874	1.046431	1.116352	0.52347	4.573853
1188	-3806.714	-3951.068	144.3539	0.8392703	0.9291733	0.4195913	5.684744
1194	-3802.311	-3947.508	145.197	1.027312	1.267264	0.4478343	4.912019
1200	-3792.991	-3938.263	145.272	0.9490942	1.271159	0.4478343	4.912019
1206	-3809.722	-3955.861	146.1388	0.9648743	0.7983421	0.4478343	4.67946
1212	-3809.064	-3951.922	142.8575	0.8468076	0.9132463	0.5824903	6.358478
1218	-3803.746	-3949.636	145.8897	0.9651328	0.6152955	0.4307269	4.96793
1224	-3805.887	-3949.836	143.9497	0.7729639	0.8136814	0.4132649	6.018482
1230	-3808.987	-3953.028	144.0408	0.8116139	0.8968638	0.439486	5.870211
1236	-3800.498	-3944.296	143.7982	0.7250588	1.001586	0.3932736	6.037716
1242	-3800.682	-3944.689	144.0069	0.8765277	1.067479	0.3932736	5.805914
1248	-3801.027	-3945.906	144.8797	0.9204485	0.9033958	0.3932736	5.393849
1254	-3800.524	-3945.583	145.0594	0.8539346	1.070093	0.3971651	5.234132
1260	-3809.534	-3950.768	141.2348	0.7383675	1.336097	0.4811064	7.169507
1266	-3808.667	-3952.623	143.9558	0.7820355	1.205734	0.4556419	5.753608
1272	-3802.271	-3945.994	143.7221	0.7861676	0.9391803	0.4556419	6.017695
1278	-3804.526	-3948.763	144.2376	0.7975042	0.7932476	0.4556419	5.818775
1284	-3806.459	-3950.354	143.8945	0.8225887	0.7932476	0.5322743	5.922663
1290	-3800.221	-3945.557	145.3358	0.972332	0.9412222	0.4799206	5.003375
1296	-3809.535	-3955.133	145.5984	0.9290106	0.9520475	0.4799206	4.875125
1302	-3811.391	-3956.291	144.8999	0.880794	0.8926269	0.4651545	5.338062
1308	-3813.563	-3956.693	143.1299	0.8303586	0.9699654	0.521103	6.238719
1314	-3807.969	-3951.777	143.8085	0.7708588	0.9699654	0.474061	5.944034
1320	-3800.635	-3944.593	143.958	0.7808679	0.8219527	0.4920009	5.928186
1326	-3810.825	-3956.274	145.449	0.9593975	0.8219527	0.3584095	5.146791
1332	-3808.614	-3951.902	143.2882	0.7526263	0.8882719	0.4538588	6.303389
1338	-3812.774	-3956.751	143.9769	0.7950417	0.8882719	0.5083221	5.854643
1344	-3803.184	-3949.533	146.3487	1.070422	0.8519619	0.4210167	4.495121
1350	-3807.416	-3952.417	145.0018	0.8464398	0.8828217	0.4921814	5.281317
1356	-3813.265	-3958.014	144.749	0.9118284	0.8445024	0.4936167	5.406946
1362	-3797.984	-3941.951	143.9674	0.87514	0.8445024	0.5532107	5.803714
1368	-3800.622	-3945.578	144.9567	0.8535004	0.8876672	0.4806719	5.310057
1374	-3808.153	-3953.927	145.7732	1.087509	0.7438174	0.5252026	4.779284
1380	-3796.679	-3941.021	144.3422	0.9231706	0.8083047	0.5252026	5.61899
1386	-3792.2	-3937.917	145.7172	0.8846097	0.9871302	0.4483023	4.844337
1392	-3802.599	-3946.405	143.8059	0.9443426	0.9052063	0.5733436	5.800775
1398	-3808.003	-3952.842	144.8385	0.8662874	0.6647131	0.5733436	5.435605
1404	-3797.863	-3942	144.1376	0.8322971	0.7040752	0.3509757	6.024685
1410	-3803.589	-3948.228	144.6383	0.7813248	1.005742	0.3509757	5.591926
1416	-3804.403	-3950.398	145.995	0.9926279	0.8990008	0.4974222	4.632898
1422	-3805.039	-3949.971	144.9318	0.8743533	0.843526	0.4897541	5.330983
1428	-3800.676	-3946.068	145.3916	0.8780294	0.8884045	0.4315419	5.103414
1434	-3807.283	-3952.528	145.245	0.8641992	0.8884045	0.5254715	5.103414
1440	-3817.91	-3964.027	146.117	1.006772	0.8831061	0.5826157	4.491166
1446	-3813.269	-3958.791	145.5221	1.034938	0.8831061	0.4323544	4.946241
1452	-3807.263	-3952.599	145.336	0.904081	0.8831061	0.4210766	5.133711
1458	-3807.223	-3951.518	144.2954	0.8344828	0.8311141	0.5424591	5.663866
1464	-3813.107	-3958.089	144.9818	0.8392727	0.8314964	0.3598584	5.463274
1470	-3819.599	-3964.19	144.5905	0.8907472	0.9635471	0.4635551	5.463274
1476	-3814.097	-3958.173	144.0766	0.8237387	0.7727215	0.4635551	5.898361
1482	-3806.475	-3950.568	144.0931	0.8612563	0.8337099	0.4439305	5.848539
1488	-3803.728	-3948.288	144.5596	0.822057	0.7895893	0.4093062	5.677774
1494	-3794.559	-3939.824	145.2642	0.844685	0.8326301	0.3865541	5.274157
1500	-3806.493	-3950.737	144.2443	0.7830316	0.9990712	0.4446604	5.711103
1506	-3819.884	-3964.647	144.7628	0.9541259	0.7540077	0.4446604	5.481523
1512	-3808.036	-3952.531	144.4949	0.8863984	0.7540077	0.4240059	5.686518
1518	-3804.559	-3950.847	146.2874	0.9420502	0.7716047	0.4240059	4.651229
1524	-3806.77	-3950.803	144.033	0.8144906	0.9202871	0.4681086	5.831422
1530	-3818.483	-3961.435	142.9518	0.8144906	1.150731	0.4681086	6.298012
1536	-3812.895	-3958.428	145.533	0.9146819	1.150731	0.5212327	4.774562
1542	-3801.942	-3946.159	144.2172	0.9060962	1.059333	0.5212327	5.554847
1548	-3801.17	-3945.823	144.6527	0.8490708	0.8111551	0.4520576	5.554847
1554	-3802.855	-3948.006	145.1505	1.039741	0.7953315	0.4520576	5.18556
1560	-3798.922	-3943.351	144.4293	0.9406023	0.8232106	0.5544922	5.526824
1566	-3811.885	-3956.338	144.453	0.9443148	0.8232106	0.6328053	5.448592
1572	-3809.509	-3951.565	142.0551	0.8078093	0.7935989	0.5603022	6.90447
1578	-3799.103	-3942.78	143.6768	0.8456862	1.113419	0.5379469	5.841716
1584	-3801.117	-3944.925	143.8081	0.8324815	1.113419	0.4663707	5.841716
1590	-3800.805	-3945.853	145.0483	0.9341648	1.113419	0.4663707	5.103242
1596	-3807.426	-3952.294	144.8672	0.8828972	1.092466	0.5569812	5.160932
1602	-3815.077	-3959.377	144.3002	0.8535094	1.092466	0.5569812	5.49003
1608	-3815.553	-3962.038	146.4851	0.8768132	0.7200867	0.3999747	4.638295
1614	-3805.841	-3951.018	145.1769	0.957995	0.7734269	0.4963406	5.18862
1620	-3818.883	-3963.74	144.8573	0.9394235	0.6861824	0.4963406	5.436131
1626	-3815.975	-3962.022	146.0471	0.9007688	0.6646781	0.4963406	4.814182
1632	-3814.817	-3960.811	145.9945	0.8917999	0.6646781	0.5343535	4.814182
1638	-3810.013	-3955.201	145.1875	0.8353587	0.6646781	0.5343535	5.293335
1644	-3803.857	-3947.922	144.0646	0.7379075	0.9005254	0.5020736	5.836245
1650	-3797.971	-3942.476	144.5044	0.8989296	0.9005254	0.3498203	5.662103
1656	-3806.827	-3951.817	144.99	0.8672284	0.9005254	0.3498203	5.412587
1662	-3809.523	-3953.898	144.3752	0.9074116	0.9005254	0.4084124	5.664003
1668	-3796.882	-3941.337	144.4552	0.8834909	0.9005254	0.4084124	5.633283
1674	-3798.867	-3944.64	145.773	0.9531485	1.082731	0.4084124	4.763872
1680	-3810.004	-3954.655	144.6505	0.8127621	0.8833747	0.4084124	5.575111
1686	-3806.167	-3950.89	144.7223	0.9248938	0.945297	0.4998125	5.348339
1692	-3803.124	-3947.022	143.8978	0.7775391	0.8930752	0.4408261	5.967811
1698	-3805.437	-3948.544	143.1072	0.7604281	0.8930752	0.4602697	6.388477
1704	-3815.818	-3958.52	142.7022	0.8935794	1.178422	0.4020487	6.442407
1710	-3824.869	-3968.626	143.7572	0.882563	1.178422	0.3619108	5.91787
1716	-3817.327	-3960.389	143.0623	0.7632054	0.9287082	0.4185257	6.43154
1722	-3827.095	-3971.714	144.6187	0.9318876	0.9099862	0.5937366	5.341708
1728	-3811.309	-3957.466	146.1569	1.065251	0.7855927	0.5937366	4.489419
1734	-3799.912	-3945.638	145.7255	1.164012	0.959162	0.5937366	4.568138
1740	-3806.819	-3950.698	143.8784	0.991437	1.037965	0.4267734	5.794136
1746	-3802.22	-3946.913	144.6926	0.8412633	1.037965	0.4267734	5.429668
1752	-3805.31	-3950.096	144.786	0.9275562	0.8874436	0.4740913	5.369737
1758	-3811.053	-3955.95	144.8971	0.8308219	0.8824535	0.4740913	5.364842
1764	-3802.43	-3947.382	144.9523	0.8928175	0.8824535	0.4740913	5.300176
1770	-3805.398	-3950.442	145.0433	0.9227485	0.8341076	0.551436	5.19374
1776	-3819.559	-3964.573	145.0133	0.9928433	0.9010876	0.551436	5.130328
1782	-3824.242	-3969.123	144.8806	0.8459619	0.8824535	0.5332714	5.311809
1788	-3817.985	-3962.541	144.5559	0.8199588	0.956716	0.4548732	5.533528
1794	-3811.352	-3955.375	144.0225	0.8519122	0.9384725	0.3688293	5.907926
1800	-3804.795	-3948.019	143.2238	0.7788732	0.9384725	0.4681028	6.281412
1806	-3822.344	-3964.849	142.5051	0.7739724	0.9997481	0.5030985	6.607628
1812	-3821.816	-3966.848	145.0315	1.020293	0.7861011	0.5030985	5.22
1818	-3823.613	-3968.497	144.8848	0.9591439	0.7861011	0.4407405	5.394046
1824	-3815.125	-3959.291	144.1665	0.8991664	0.8649698	0.3282407	5.893674
1830	-3814.152	-3958.544	144.3919	0.8853736	1.024118	0.6767549	5.363886
1836	-3827.528	-3971.162	143.6342	0.8837401	0.8550578	0.6767549	5.878054
1842	-3799.819	-3943.984	144.1652	0.899326	1.123667	0.4265944	5.643376
1848	-3805.309	-3948.637	143.3287	0.8997582	1.123667	0.403577	6.123893
1854	-3802.985	-3948.188	145.2031	0.9791303	0.8900591	0.6141158	4.98764
1860	-3799.759	-3943.174	143.4147	0.8355407	0.8900591	0.411664	6.230483
1866	-3810.735	-3955.721	144.9855	0.868551	0.9780644	0.411664	5.301503
1872	-3803.989	-3949.174	145.1852	0.9040917	0.9780644	0.4436621	5.138844
1878	-3805.527	-3951.257	145.7293	0.8740924	0.9780644	0.4436621	4.853207
1884	-3812.827	-3958.137	145.3094	0.8812961	0.7798023	0.4305999	5.216925
1890	-3810.685	-3956.111	145.4268	0.9699152	0.8871791	0.3973086	5.069444
1896	-3810.847	-3956.457	145.6097	1.051002	1.09975	0.3973086	4.803436
1902	-3808.06	-3953.864	145.8044	1.045889	0.9079874	0.464968	4.735203
1908	-3809.399	-3955.47	146.0708	1.020814	0.8643224	0.3625445	4.735203
1914	-3797.697	-3943.489	145.7921	0.9766266	0.8080135	0.4209986	4.887412
1920	-3803.009	-3947.448	144.439	0.989355	0.8691207	0.3422447	5.676076
1926	-3808.964	-3954.962	145.9977	0.9731895	0.9049338	0.4943606	4.641538
1932	-3803.489	-3947.72	144.231	0.8918842	0.8280688	0.4943606	5.712112
1938	-3806.025	-3951.85	145.8243	0.9052167	0.8760049	0.4943606	4.794218
1944	-3810.143	-3953.844	143.701	0.8527728	1.007282	0.6001794	5.828815
1950	-3811.243	-3955.48	144.2365	0.7951229	0.8371281	0.3789561	5.871384
1956	-3814.912	-3960.888	145.9758	0.972134	0.8371281	0.5057727	4.685986
1962	-3812.651	-3957.626	144.9752	0.9444187	1.293123	0.4976801	5.021816
1968	-3805.591	-3950.881	145.2899	0.9298355	0.9590696	0.4976801	5.02558
1974	-3799.914	-3944.178	144.2641	0.7707993	1.01147	0.4909149	5.656282
1980	-3805.879	-3950.625	144.7462	0.8582341	0.8947267	0.4838689	5.416302
1986	-3807.994	-3953.383	145.3889	0.9788392	0.7799043	0.4249721	5.124635
1992	-3802.282	-3948.092	145.8103	0.9703567	0.8773135	0.4669802	4.790829
1998	-3809.022	-3954.347	145.3254	1.014734	1.28315	0.4992826	4.790829
2004	-3798.004	-3943.127	145.1231	0.9654813	0.8737108	0.5556773	5.097613
2010	-3804.06	-3949.348	145.2878	1.00181	1.043411	0.4289661	5.006537
2016	-3798.454	-3942.145	143.6906	0.9636405	0.9668186	0.5266607	5.857375
2022	-3801.228	-3945.255	144.027	0.8216722	0.9118148	0.445647	5.857375
2028	-3798.865	-3942.667	143.8015	0.7887624	0.8589316	0.3244811	6.16112
2034	-3798.559	-3943.768	145.2096	0.9530269	0.8105547	0.4253845	5.217606
2040	-3813.604	-3958.778	145.1745	0.8124339	1.010828	0.4253845	5.195728
2046	-3809.719	-3953.999	144.2809	0.9813239	1.043797	0.4253845	5.577373
2052	-3808.645	-3952.748	144.1029	0.7993581	0.7891661	0.4292263	5.920051
2058	-3815.399	-3959.82	144.4205	0.8753321	0.994274	0.4428574	5.568207
2064	-3808.204	-3953.179	144.975	0.8728473	0.9666174	0.4616152	5.261264
2070	-3812.551	-3957.847	145.2963	0.9225534	0.7948754	0.3653754	5.261264
2076	-3813.244	-3958.031	144.7865	0.9567908	0.8636207	0.4635868	5.37784
2082	-3804.313	-3948.942	144.6289	0.897346	0.7039342	0.4635868	5.602728
2088	-3809.864	-3955.443	145.5793	0.7891181	0.7039342	0.4314495	5.170161
2094	-3803.604	-3948.188	144.5842	0.8360785	1.008132	0.3682356	5.570629
2100	-3806.64	-3950.365	143.7241	0.7924869	0.9280486	0.4411282	6.033672
2106	-3802.212	-3945.787	143.5745	0.8860495	0.8972505	0.4924033	6.033672
2112	-3823.924	-3969.382	145.4579	0.9363714	0.6309408	0.4924033	5.151302
2118	-3814.662	-3960.162	145.4998	0.9833683	0.6339999	0.4387964	5.151302
2124	-3812.69	-3956.766	144.0769	0.8251646	0.898369	0.510912	5.775161
2130	-3797.672	-3942.445	144.7724	0.7991468	0.8972447	0.3841279	5.533221
2136	-3795.547	-3940.69	145.1428	0.9609582	0.8672544	0.3847695	5.257349
2142	-3795.676	-3941.021	145.3457	0.9481459	0.8672544	0.4474471	5.086999
2148	-3799.595	-3945.58	145.9848	0.8817953	0.7096212	0.3495242	4.978954
2154	-3804.888	-3949.279	144.3915	0.9333556	0.7096212	0.3495242	5.828595
2160	-3809.478	-3953.888	144.4103	0.6942373	0.7096212	0.3798915	5.91498
2166	-3808.707	-3952.94	144.2326	0.8251737	0.7096212	0.4037673	5.91498
2172	-3803.951	-3949.589	145.6381	0.929281	0.7096212	0.4037673	5.08458
2178	-3805.475	-3950.777	145.3021	0.9987993	0.8207794	0.4760424	5.08458
2184	-3808.58	-3951.976	143.3955	0.8375955	0.8652501	0.3595625	6.310598
2190	-3813.295	-3958.92	145.6243	0.8313921	0.7871733	0.3957244	5.101758
2196	-3797.422	-3942.799	145.3769	0.9181272	0.8877188	0.3688411	5.156741
2202	-3819.014	-3964.708	145.6942	0.9009602	0.7430743	0.4794444	4.969793
2208	-3823.856	-3968.623	144.7673	1.035042	0.74726	0.4794444	5.405663
2214	-3813.012	-3959.723	146.7105	1.187711	0.7151936	0.4849459	4.253411
2220	-3805.661	-3952.403	146.7418	1.010285	0.669164	0.4326433	4.422031
2226	-3807.567	-3954.535	146.9678	1.076871	0.7367335	0.4326433	4.206961
2232	-3820.55	-3967.58	147.0303	1.162219	0.744799	0.323928	4.241211
2238	-3814.877	-3960.312	145.4353	1.09335	0.744799	0.3686021	5.119809
2244	-3807.343	-3953.042	145.6988	0.9958388	0.9513242	0.3684624	4.89769
2250	-3813.822	-3961.228	147.4059	1.014124	0.6493076	0.4123339	4.080155
2256	-3811.067	-3957.909	146.8414	1.192991	0.7065775	0.4506085	4.216211
2262	-3812.46	-3958.293	145.833	0.8356755	0.7552747	0.4475883	4.951411
2268	-3806.481	-3952.394	145.9125	1.025518	0.8217542	0.3827808	4.825105
2274	-3813.364	-3958.149	144.7851	0.8248808	0.7699879	0.3827808	5.593711
2280	-3809.085	-3953.671	144.5863	0.9636187	0.820645	0.3827808	5.593711
2286	-3812.61	-3957.265	144.6548	1.087661	0.820645	0.3827808	5.487873
2292	-3807.216	-3951.515	144.2992	0.9322776	1.175083	0.4623012	5.491018
2298	-3804.601	-3947.748	143.1472	0.771814	1.175083	0.4418678	6.228374
2304	-3801.55	-3945.852	144.3019	0.8253979	0.9521784	0.4180651	5.709213
2310	-3810.727	-3955.035	144.3081	0.9750533	0.8045667	0.4851103	5.647745
2316	-3811.079	-3957.749	146.6697	1.068011	0.8045667	0.3557694	4.418776
2322	-3798.304	-3943.46	145.1562	1.068011	1.053725	0.3886043	5.079894
2328	-3801.246	-3947.569	146.3232	1.004989	0.8023401	0.3747694	4.628546
2334	-3795.906	-3940.241	144.335	0.8492121	0.9622748	0.3747694	5.718314
2340	-3801.195	-3945.242	144.0462	0.7907092	0.7783688	0.5927031	5.81663
2346	-3796.102	-3942.226	146.124	1.020286	0.7783688	0.4276473	4.690528
2352	-3793.81	-3939.765	145.9548	0.9883994	1.001986	0.4276473	4.666118
2358	-3793.087	-3937.672	144.5849	0.8518127	0.8388576	0.5124052	5.516798
2364	-3797.758	-3943.259	145.5018	0.9295894	0.9950207	0.3568932	5.032502
2370	-3793.95	-3939.013	145.0635	0.8786831	1.019809	0.3689031	5.276045
2376	-3790.108	-3934.711	144.6027	0.9158965	0.9412754	0.3187594	5.612089
2382	-3795.992	-3940.354	144.362	0.913729	0.9466798	0.3187594	5.742185
2388	-3792.446	-3936.053	143.6063	0.8367972	0.6612648	0.3919933	6.296961
2394	-3802.688	-3946.069	143.3811	0.9201774	0.6883491	0.4486196	6.296961
2400	-3800.993	-3944.545	143.552	0.8166607	0.6883491	0.4808094	6.229901
2406	-3803.969	-3949.135	145.1661	0.8535594	0.8259265	0.4808094	5.232541
2412	-3814.395	-3959.813	145.4184	0.9089505	0.6848289	0.4808094	5.158558
2418	-3817.86	-3963.252	145.3925	0.9552999	0.9397301	0.492587	4.970315
2424	-3814.476	-3959.6	145.1245	0.823234	0.9660649	0.4836976	5.185336
2430	-3808.935	-3954.182	145.2474	0.8643145	1.009472	0.3712543	5.185336
2436	-3814.238	-3960.085	145.8467	0.975078	0.7912148	0.4858449	4.804905
2442	-3808.139	-3951.802	143.6639	0.8337917	1.167427	0.4858449	5.874919
2448	-3813.101	-3956.859	143.7583	0.7989153	1.038967	0.5095988	5.88606
2454	-3808.16	-3952.428	144.2681	0.7975014	0.9155266	0.5095988	5.67661
2460	-3808.45	-3952.281	143.8313	0.8381342	0.7331177	0.3655724	6.151631
2466	-3810.614	-3954.603	143.9885	0.759751	0.9792741	0.342018	5.984316
2472	-3802.513	-3946.375	143.8623	0.816135	0.8931439	0.3711306	6.038693
2478	-3808.958	-3952.779	143.8214	0.816135	1.0615	0.5115513	5.828561
2484	-3818.515	-3963.78	145.2654	0.816135	0.7439028	0.438154	5.29391
2490	-3820.063	-3966.24	146.1771	1.112767	0.8022862	0.4431147	4.577204
2496	-3817.516	-3963.306	145.7899	0.9868804	0.7964482	0.4593421	4.851973
2502	-3802.766	-3946.595	143.8287	0.8082089	0.8607969	0.4593421	5.990227
2508	-3811.612	-3954.964	143.352	0.8596627	1.173583	0.3822249	6.131222
2514	-3813.509	-3956.605	143.0964	0.6920729	1.046949	0.3850886	6.421672
2520	-3801.311	-3944.816	143.5045	0.8615106	1.021225	0.4909148	6.016795
2526	-3798.039	-3941.575	143.5356	0.8303675	1.021225	0.4909148	6.016795
2532	-3815.478	-3959.282	143.804	0.7235874	0.9258883	0.5339181	5.943598
2538	-3806.077	-3950.026	143.949	0.7606469	0.9258883	0.4270115	5.943598
2544	-3803.371	-3949.27	145.899	1.090763	0.9619425	0.484769	4.606324
2550	-3805.369	-3950.038	144.6689	0.8854619	0.8379442	0.3855391	5.577338
2556	-3805.724	-3949.837	144.1131	0.9771325	0.8379442	0.4043007	5.811767
2562	-3803.642	-3948.385	144.7429	0.9153308	1.063319	0.5919853	5.197967
2568	-3805.655	-3951.247	145.5919	0.9361671	1.033066	0.3792283	4.932519
2574	-3801.46	-3946.385	144.9256	0.8609718	1.041785	0.4666222	5.248894
2580	-3807.758	-3952.181	144.4235	0.9012857	0.8281645	0.4626031	5.631058
2586	-3818.357	-3961.751	143.3943	0.9143002	0.8281645	0.596987	6.069643
2592	-3816.437	-3959.279	142.8425	0.7390812	0.9724236	0.4058256	6.552057
2598	-3809.377	-3954.566	145.1886	0.8534295	0.8825493	0.4356724	5.228818
2604	-3809.137	-3953.658	144.5214	0.8020075	0.8108261	0.4723606	5.633543
2610	-3805.776	-3950.633	144.8576	0.9471776	0.9305071	0.3961121	5.372316
2616	-3812.984	-3958.037	145.053	0.9627152	0.7685292	0.437731	5.313954
2622	-3799.951	-3943.724	143.7732	0.6980286	0.9341074	0.4307381	6.065169
2628	-3815.674	-3958.978	143.3039	0.7875635	1.014576	0.4768072	6.182901
2634	-3810.118	-3954.697	144.5793	0.7753752	0.8920305	0.4538481	5.583812
2640	-3804.08	-3948.101	144.0211	0.8014879	0.8920305	0.4835682	5.847246
2646	-3803.251	-3947.644	144.393	0.8997342	0.9205125	0.4163953	5.638415
2652	-3815.48	-3960.956	145.4759	1.021485	0.6451704	0.3200503	5.266555
2658	-3804.743	-3949.039	144.2962	0.8607608	0.6451704	0.3633875	5.951474
2664	-3816.158	-3960.116	143.9578	0.9958535	0.843604	0.4249237	5.861701
2670	-3810.058	-3953.882	143.8242	0.8166777	0.843604	0.3885992	6.070195
2676	-3804.582	-3949.799	145.2172	0.8992131	0.8393378	0.3670463	5.28741
2682	-3802.433	-3948.094	145.6606	0.9460864	1.074469	0.5368673	4.71117
2688	-3811.645	-3955.807	144.1615	0.8100096	1.038949	0.3982015	5.767504
2694	-3799.149	-3944.269	145.1195	0.8554384	0.8679321	0.4408819	5.269584
2700	-3792.404	-3935.681	143.2772	0.8197481	0.8661444	0.4408819	6.298775
2706	-3795.104	-3939.223	144.1191	0.8113755	0.9846646	0.4408819	5.775801
2712	-3809.374	-3955.625	146.251	1.112754	0.9032604	0.4070797	4.509211
2718	-3816.972	-3964.333	147.3612	1.04544	0.7932052	0.4070797	3.988699
2724	-3814.792	-3959.01	144.218	0.9374263	1.198785	0.4488279	5.534464
2730	-3810.636	-3955.679	145.0427	0.8166314	1.009477	0.4468742	5.245417
2736	-3809.237	-3953.339	144.1019	0.8073633	0.836025	0.4450389	5.870658
2742	-3823.948	-3968.275	144.3273	0.7751138	0.9185821	0.4752248	5.686164
2748	-3814.977	-3960.8	145.8229	0.9458731	1.115601	0.4752248	4.655494
2754	-3811.133	-3955.31	144.1764	0.8862038	0.9868854	0.4232026	5.719925
2760	-3823.628	-3968.678	145.0504	0.8582708	0.981066	0.5018463	5.181698
2766	-3820.85	-3966.047	145.1973	0.9347882	0.9220804	0.3460563	5.2526
2772	-3813.353	-3958.038	144.6855	0.932665	0.9220804	0.5155453	5.363642
2778	-3813.925	-3958.8	144.8749	0.932665	0.9259548	0.3802238	5.390662
2784	-3814.227	-3958.151	143.9238	0.8238602	0.8776158	0.3862674	5.993754
2790	-3808.706	-3953.367	144.6608	0.847411	0.8776158	0.3862674	5.577487
2796	-3810.042	-3955.472	145.4309	0.9371364	0.8091256	0.3862674	5.146227
2802	-3809.161	-3954.661	145.4999	1.061038	0.8895859	0.3862674	4.988754
2808	-3800.362	-3945.471	145.1084	0.9119276	0.8895859	0.3624368	5.31473
2814	-3810.68	-3954.571	143.8911	0.9280877	0.8895859	0.3535892	5.983787
2820	-3818.577	-3963.948	145.3718	0.9410302	0.9640208	0.3535892	5.119535
2826	-3811.723	-3957.589	145.8662	0.9815209	0.9527598	0.3983133	4.778478
2832	-3800.623	-3946.442	145.8192	0.9617327	0.8735305	0.3746017	4.889109
2838	-3801.694	-3947.295	145.6008	1.021524	0.8735305	0.3746017	4.977353
2844	-3804.915	-3950.485	145.5697	0.8892312	0.9045118	0.4803386	4.940828
2850	-3815.756	-3961.481	145.7248	0.9960044	0.7059714	0.569838	4.845528
2856	-3817.616	-3962.73	145.1145	0.9656223	0.768856	0.5601421	5.165811
2862	-3816.706	-3962.262	145.5555	0.8523954	0.6568032	0.3493721	5.272047
2868	-3805.988	-3948.635	142.647	0.7923127	0.8818908	0.4410169	6.645548
2874	-3797.614	-3941.386	143.7725	0.7122808	1.016935	0.4410169	6.001607
2880	-3798.522	-3943.66	145.1379	0.8893313	0.8921134	0.4835718	5.184705
2886	-3799.952	-3945.373	145.4211	0.8951832	0.8242816	0.3589746	5.195631
2892	-3799.171	-3944.602	145.431	0.9122408	0.8242816	0.3461274	5.195631
2898	-3803.147	-3950.03	146.883	1.005788	0.8242816	0.3080637	4.379354
2904	-3796.921	-3942.637	145.7154	0.8983893	0.808095	0.3080637	5.10271
2910	-3814.245	-3959.195	144.9503	0.9454288	0.630956	0.2999108	5.633991
2916	-3811.81	-3956.512	144.702	0.8731325	0.630956	0.4094628	5.683827
2922	-3810.716	-3956.3	145.584	0.9341935	0.8044514	0.3350987	5.124679
2928	-3794.988	-3941.302	146.3139	1.03904	1.129857	0.3350987	4.471284
2934	-3809.647	-3954.135	144.4879	1.035785	1.129857	0.3452543	5.476374
2940	-3800.596	-3945.902	145.3056	0.8945242	0.8499364	0.5190374	5.082419
2946	-3813.435	-3957.897	144.4623	0.9630059	0.8499364	0.3474572	5.683421
2952	-3813.923	-3958.874	144.9508	0.9058081	0.8341333	0.3474572	5.456348
2958	-3813.043	-3958.242	145.1985	0.8675467	0.7532811	0.3474572	5.393883
2964	-3803.795	-3948.047	144.2515	0.8117728	0.7532811	0.509126	5.780205
2970	-3813.452	-3960.28	146.8278	0.9368383	0.909464	0.4257289	4.259471
2976	-3814.017	-3959.139	145.1221	0.9239699	0.9545145	0.4257289	5.194195
2982	-3821.429	-3965.826	144.3975	0.8412208	0.9652863	0.4806093	5.579512
2988	-3832.63	-3976.969	144.3388	0.7975761	1.011317	0.4558844	5.633667
2994	-3834.853	-3979.377	144.5241	0.9385589	0.8952624	0.4558844	5.520598
3000	-3818.46	-3963.152	144.6924	0.8961957	0.8952624	0.5636957	5.354233
3006	-3816.635	-3961.763	145.1278	0.8831538	0.9146688	0.5689767	5.104716
3012	-3823.179	-3969.95	146.7704	1.049172	0.9994974	0.5918284	4.020109
3018	-3817.029	-3963.062	146.0327	1.017701	0.9478097	0.5170608	4.550604
3024	-3812.173	-3958.986	146.8128	1.095831	0.7469601	0.3800021	4.333677
3030	-3812.027	-3958.626	146.5994	1.015727	1.03692	0.3800021	4.320064
3036	-3806.43	-3951.738	145.3088	0.8893362	1.081734	0.3800021	5.089037
3042	-3809.748	-3955.136	145.3881	0.9009197	0.8070655	0.5365224	5.045011
3048	-3807.127	-3951.939	144.8126	0.8110361	0.8884796	0.4512674	5.440576
3054	-3815.196	-3960.983	145.7867	0.946988	0.8884796	0.4512674	4.825592
3060	-3801.193	-3946.075	144.882	0.9173829	1.090971	0.4016273	5.281461
3066	-3805.061	-3950.076	145.015	0.8943716	1.030139	0.3752959	5.281461
3072	-3796.288	-3942.025	145.737	1.068966	1.030139	0.3752959	4.783651
3078	-3793.693	-3939.236	145.5431	0.9698827	0.8133292	0.492582	4.956115
3084	-3813.275	-3957.192	143.9162	0.7068161	0.797793	0.4130508	6.083202
3090	-3807.129	-3950.76	143.631	0.6956737	1.021138	0.4433894	6.083202
3096	-3809.387	-3954.605	145.218	0.8523507	0.9506523	0.4312545	5.177388
3102	-3806.829	-3953.602	146.7736	1.035276	0.7564073	0.4312545	4.328101
3108	-3813.59	-3957.316	143.7267	0.8179845	0.7564073	0.5664849	6.012159
3114	-3802.497	-3945.455	142.9573	0.8557997	0.9921978	0.4246851	6.396563
3120	-3814.898	-3959.905	145.0073	0.9658574	0.8017688	0.4643783	5.289398
3126	-3813.762	-3959.927	146.165	1.000268	0.8384876	0.5017914	4.566905
3132	-3805.887	-3951.788	145.9011	0.9247468	0.7577231	0.4047246	4.906299
3138	-3813.25	-3957.928	144.678	0.756009	0.650072	0.4047246	5.75152
3144	-3816.282	-3958.841	142.5595	0.7864524	0.7623102	0.4047246	6.807181
3150	-3802.776	-3947.746	144.9699	0.9808817	0.7623102	0.4047246	5.387839
3156	-3807.636	-3953.063	145.4273	0.9397407	0.6229656	0.5113557	5.1553
3162	-3798.836	-3943.638	144.8018	0.8849252	0.6229656	0.426302	5.611457
3168	-3804.959	-3949.943	144.9843	0.8572685	0.6229656	0.426302	5.526406
3174	-3807.307	-3953.639	146.332	0.9084429	0.6229656	0.4044805	4.774348
3180	-3807.129	-3951.044	143.9147	0.8570377	0.9639231	0.4044805	5.911167
3186	-3801.518	-3946.629	145.1116	0.8644948	0.8437924	0.4044805	5.321213
3192	-3801.129	-3945.052	143.9236	0.9224134	1.138091	0.4044805	5.778638
3198	-3802.811	-3948.027	145.216	0.8651487	0.7720227	0.4044805	5.309685
3204	-3811.471	-3953.993	142.5213	0.8378181	0.7490903	0.5118326	6.707003
3210	-3818.012	-3961.233	143.221	0.8254848	0.7490903	0.5151072	6.33191
3216	-3813.03	-3956.36	143.3307	0.8160982	0.9332995	0.3996829	6.273917
3222	-3810.623	-3956.237	145.6141	0.9096395	0.9332995	0.3996829	4.968833
3228	-3805.057	-3948.62	143.5633	0.9278661	0.9332995	0.3996829	6.086591
3234	-3804.912	-3948.593	143.681	0.7938621	0.7906045	0.4982222	6.086591
3240	-3805.673	-3950.667	144.9932	0.8958464	0.7133383	0.4982222	5.364049
3246	-3804.494	-3949.515	145.0208	0.9214271	0.7465971	0.4431033	5.364049
3252	-3815.278	-3959.84	144.5614	0.9794385	0.7178429	0.5192214	5.533674
3258	-3807.859	-3953.819	145.9596	1.005955	1.018918	0.5192214	4.55581
3264	-3809.65	-3953.976	144.3261	1.005955	1.018918	0.4402523	5.53742
3270	-3809.106	-3953.665	144.5586	0.9704419	0.7916489	0.4402523	5.564102
3276	-3802.814	-3948.125	145.3114	0.9344387	0.9345041	0.3733861	5.151125
3282	-3808.192	-3952.805	144.6132	0.9344387	0.9345041	0.4362406	5.470131
3288	-3812.958	-3958.416	145.4576	0.9298671	0.8305719	0.3909543	5.116591
3294	-3804.813	-3951.435	146.6225	1.136482	0.8305719	0.3936061	4.346675
3300	-3813.493	-3959.15	145.657	0.983874	0.7883209	0.3936061	5.000538
3306	-3803.776	-3948.382	144.6061	0.8926819	0.8050059	0.4245897	5.587785
3312	-3791.507	-3936.51	145.0025	0.8686098	0.8050059	0.4338739	5.373542
3318	-3796.789	-3941.658	144.8687	0.7194686	0.8050059	0.4338739	5.529344
3324	-3792.816	-3937.443	144.6271	0.9443726	0.8050059	0.3909536	5.583025
3330	-3807.718	-3953.288	145.5697	0.8929196	0.7669437	0.3909536	5.116572
3336	-3801.697	-3947.182	145.4847	0.8705761	0.8437429	0.3909536	5.126048
3342	-3791.151	-3936.728	145.5774	0.9111089	0.8437429	0.3909536	5.052204
3348	-3806.346	-3950.058	143.7115	0.8386446	0.8437429	0.4344218	6.072311
3354	-3806.318	-3951.428	145.1103	0.9330838	0.8437429	0.4344218	5.253251
3360	-3810.167	-3956.364	146.1969	0.9842643	1.021382	0.503741	4.44736
3366	-3807.785	-3953.316	145.5305	1.082857	0.769371	0.3587224	5.067367
3372	-3812.455	-3956.556	144.1011	0.8610881	0.8284302	0.4679913	5.824367
3378	-3798.466	-3943.938	145.4713	0.8665538	0.8284302	0.451711	5.082685
3384	-3808.433	-3953.194	144.7616	0.7967833	0.8284302	0.4693585	5.496113
3390	-3801.251	-3946.281	145.03	0.7960176	0.7494822	0.4645654	5.405193
3396	-3806.965	-3952.509	145.5441	0.8853588	0.6215745	0.3107204	5.333886
3402	-3799.076	-3944.247	145.1704	0.8297375	0.9190859	0.3739084	5.295413
3408	-3814.182	-3957.751	143.5689	0.8195897	0.8735541	0.3739084	6.205222
3414	-3803.528	-3946.858	143.3301	0.8199951	0.9662259	0.4476006	6.205222
3420	-3821.049	-3966.975	145.9264	0.9841563	1.149381	0.3741057	4.663966
3426	-3820.73	-3965.021	144.2907	0.8383238	0.9230464	0.3922807	5.751996
3432	-3816.058	-3959.542	143.4838	0.789124	0.8547826	0.54746	6.113171
3438	-3827.175	-3970.404	143.2296	0.7876658	1.002081	0.4661324	6.240003
3444	-3819.254	-3961.574	142.3199	0.6980743	0.8601195	0.5182984	6.81504
3450	-3809.949	-3952.821	142.8726	0.8825764	0.7768746	0.4452014	6.535942
3456	-3808.413	-3953.109	144.6963	0.842283	0.7277225	0.4452014	5.597032
3462	-3807.164	-3952.041	144.877	0.9770086	0.7277225	0.4857517	5.384791
3468	-3809.491	-3952.642	143.1515	0.816953	1.123325	0.4857517	6.185266
3474	-3820.982	-3965.525	144.5426	0.9983006	0.9359	0.4857517	5.425319
3480	-3813.426	-3957.979	144.5527	0.8937332	0.9359	0.4857517	5.477328
3486	-3818.001	-3960.538	142.5372	0.8875625	1.272296	0.5232881	6.376444
3492	-3811.527	-3958.279	146.7524	0.9492037	0.8222985	0.4087571	4.367999
3498	-3810.097	-3954.743	144.6457	1.156392	0.8060174	0.4556466	5.389446
3504	-3804.587	-3949.906	145.3195	0.9286082	0.7820571	0.4920703	5.12412
3510	-3802.925	-3947.097	144.1726	0.8811987	0.8606222	0.5302614	5.697769
3516	-3799.796	-3943.984	144.188	0.915758	0.8155727	0.5450547	5.685772
3522	-3801.556	-3945.927	144.3714	0.915758	0.6941943	0.4466174	5.757193
3528	-3800.002	-3946.608	146.6056	0.9815659	0.6941943	0.3350852	4.605085
3534	-3804.569	-3948.757	144.1879	0.7102174	0.9741234	0.540692	5.707684
3540	-3803.468	-3948.191	144.7226	0.8969906	0.8455353	0.540692	5.387123
3546	-3810.633	-3955.936	145.303	0.886108	0.9849991	0.3746721	5.15225
3552	-3819.469	-3965.264	145.7957	0.9512732	0.6953656	0.4239901	4.973993
3558	-3811.886	-3957.297	145.4114	0.8878276	0.8053395	0.4239901	5.146831
3564	-3811.886	-3955.643	143.7568	0.9057638	0.7472382	0.4447991	6.063209
3570	-3810.313	-3954.941	144.6282	0.8030712	0.7841756	0.5429802	5.528125
3576	-3811.923	-3956.829	144.9062	0.8681454	0.7841756	0.5429802	5.339182
3582	-3809.588	-3954.472	144.8837	0.9590041	0.8722055	0.4416528	5.339182
3588	-3807.6	-3951.059	143.4593	0.8918973	0.8722055	0.4416528	6.156155
3594	-3822.199	-3967.61	145.4108	0.9274881	0.9643432	0.4171217	5.035522
3600	-3797.978	-3942.264	144.286	0.7899427	0.8187135	0.4745037	5.762111
3606	-3808.033	-3951.806	143.7731	0.8804528	0.9165209	0.5437554	5.871775
3612	-3817.384	-3960.709	143.3249	0.8918351	0.9165209	0.5437554	6.110082
3618	-3802.351	-3947.455	145.1037	0.9315372	0.8648436	0.5437554	5.142855
3624	-3800.28	-3944.848	144.5674	0.9043669	0.8747648	0.5526972	5.440267
3630	-3797.506	-3942.98	145.4742	0.9139677	0.8747648	0.507966	4.972607
3636	-3800.031	-3945.38	145.3485	0.9377416	0.9182924	0.507966	5.003021
3642	-3804.834	-3950.52	145.6862	0.9904357	0.7939373	0.455777	4.912905
3648	-3798.2	-3942.45	144.2493	0.9475285	0.8776512	0.5083884	5.628241
3654	-3802.519	-3946.79	144.2713	0.9470546	0.8776512	0.4446048	5.676323
3660	-3805.03	-3949.158	144.1286	0.9457649	1.001328	0.4525863	5.676323
3666	-3821.734	-3965.167	143.4326	0.814682	1.120291	0.5410816	5.985908
3672	-3808.168	-3952.759	144.5911	0.8599482	1.120291	0.4181962	5.44119
3678	-3814.222	-3958.548	144.3258	0.8600722	0.8401602	0.3894705	5.773737
3684	-3812.339	-3957.187	144.848	0.8426973	0.67592	0.3908332	5.606375
3690	-3814.56	-3959.88	145.3198	1.02405	0.7038053	0.3908332	5.226374
3696	-3811.749	-3955.222	143.473	0.7392175	0.6548419	0.3908332	6.428203
3702	-3799.043	-3943.693	144.6498	0.8773736	0.6548419	0.3991534	5.702819
3708	-3801.283	-3944.986	143.7025	0.7992744	0.9049265	0.3991534	6.097843
3714	-3802.008	-3946.413	144.405	0.818023	1.071847	0.5126888	5.501031
3720	-3792.926	-3936.979	144.0535	0.8917093	0.8587508	0.4520368	5.830154
3726	-3792.602	-3935.772	143.1694	0.891838	1.042977	0.5493547	6.120018
3732	-3794.376	-3938.348	143.9718	0.8048034	0.742082	0.3369104	6.120018
3738	-3794.488	-3941.149	146.6605	1.063652	0.9508861	0.5154003	4.169778
3744	-3792.228	-3937.033	144.8054	1.00508	0.9508861	0.4474482	5.304714
3750	-3798.08	-3941.665	143.5858	0.7604738	1.008893	0.4313714	6.09097
3756	-3810.764	-3955.119	144.3554	0.7766348	1.083762	0.4469784	5.60632
3762	-3796.648	-3941.126	144.4782	0.8557137	0.9800825	0.4507457	5.547441
3768	-3804.113	-3946.773	142.6606	0.7585009	0.9800825	0.4507457	6.590987
3774	-3798.969	-3942.766	143.7976	0.8626633	1.049455	0.4507457	5.878972
3780	-3809.486	-3953.969	144.4832	0.9135624	0.9625761	0.4507457	5.522717
3786	-3805.82	-3951.156	145.3363	0.8688031	0.8066481	0.4507457	5.17125
3792	-3804.409	-3950.466	146.0577	0.8910601	0.7948958	0.4507457	4.765482
3798	-3795.025	-3938.933	143.9084	0.7495112	0.8478368	0.4788826	5.96832
3804	-3802.162	-3946.968	144.8057	1.008819	0.6526299	0.531477	5.419796
3810	-3798.757	-3943.76	145.0021	0.8809382	0.9205477	0.531477	5.204176
3816	-3803.058	-3948.733	145.6749	0.9335959	0.9401216	0.4735257	4.842938
3822	-3807.199	-3951.169	143.9703	0.8009638	1.03017	0.5016705	5.780845
3828	-3825.316	-3967.692	142.3762	0.7808663	0.8095904	0.5636948	6.732818
3834	-3820.354	-3963.65	143.2966	0.8262933	0.8769965	0.4797053	6.241212
3840	-3811.659	-3955.945	144.2861	0.875078	0.7721719	0.4797053	5.740822
3846	-3812.325	-3956.069	143.7435	0.9324918	1.009741	0.4052707	5.937328
3852	-3812.362	-3956.713	144.3512	0.7418612	1.047971	0.3707964	5.725869
3858	-3806.261	-3950.629	144.368	0.8362843	0.9084654	0.5206175	5.594873
3864	-3804.026	-3947.697	143.6714	0.8705355	0.9084654	0.5206175	5.95746
3870	-3810.31	-3953.848	143.5382	0.8839014	0.8493613	0.4500422	6.123278
3876	-3798.31	-3942.62	144.3108	0.8501432	0.918547	0.4500422	5.6782
3882	-3804.789	-3950.838	146.049	0.9935845	0.7950012	0.4500422	4.713668
3888	-3809.619	-3953.595	143.9761	0.7057807	0.7950012	0.4500422	6.015988
3894	-3803.087	-3948.534	145.4473	0.9117557	0.7052337	0.4348281	5.17097
3900	-3801.96	-3944.732	142.772	0.8587068	0.776245	0.562586	6.498959
3906	-3800.695	-3943.544	142.8493	0.8386377	0.8953862	0.4452119	6.498959
3912	-3812.087	-3955.921	143.834	0.8318692	0.7616339	0.4739636	6.023827
3918	-3806.665	-3951.236	144.5719	0.88117	1.072939	0.4030018	5.480273
3924	-3802.975	-3948.276	145.3004	1.106487	1.072939	0.4030018	4.952712
3930	-3799.237	-3944.856	145.6191	0.9838862	0.7561784	0.4030018	5.033102
3936	-3811.494	-3953.715	142.2218	0.8715949	0.9515804	0.4185811	6.814448
3942	-3790.006	-3934.236	144.2309	0.86312	1.109088	0.5106828	5.55457
3948	-3802.41	-3946.587	144.1767	0.8130354	1.133998	0.3934054	5.713695
3954	-3820.346	-3963.888	143.542	0.8141231	1.03282	0.361254	6.146936
3960	-3807.913	-3953.562	145.6488	1.080726	0.8706878	0.4963859	4.795613
3966	-3812.198	-3958.752	146.5539	1.044322	0.7247517	0.4520276	4.448143
3972	-3799.452	-3944.672	145.22	0.9703985	0.8378733	0.4520276	5.15813
3978	-3807.242	-3952.458	145.2166	1.012371	0.8378733	0.4306255	5.15813
3984	-3808.122	-3952.341	144.2184	0.8429992	0.7678093	0.4413011	5.835121
3990	-3810.454	-3953.026	142.5716	0.7433703	0.7678093	0.4413011	6.783649
3996	-3797.663	-3940.677	143.0143	0.6843295	0.7678093	0.4413011	6.576317
4002	-3808.27	-3952.584	144.3143	0.8812201	0.7678093	0.3651502	5.841734
4008	-3805.496	-3950.355	144.858	1.04669	0.7678093	0.3516732	5.468038
4014	-3788.797	-3932.807	144.0101	0.8674793	0.7678093	0.5299868	5.853658
4020	-3799.418	-3943.769	144.3507	0.812815	0.6744251	0.5395471	5.754127
4026	-3794.44	-3938.982	144.5426	0.8882852	0.6744251	0.386922	5.754127
4032	-3796.587	-3941.902	145.3155	0.8779662	0.7029614	0.386922	5.314293
4038	-3800.803	-3944.063	143.2596	0.7970469	1.12883	0.4555694	6.162867
4044	-3803.399	-3947.662	144.2622	0.9354272	0.899322	0.4844856	5.63661
4050	-3803.507	-3946.778	143.2703	0.9942623	1.029098	0.431628	6.124352
4056	-3797.672	-3942.424	144.7522	0.8855351	0.8166789	0.431628	5.496825
4062	-3799.525	-3943.735	144.2093	0.8822229	0.8679962	0.431628	5.764533
4068	-3802.099	-3947.159	145.0601	0.971146	0.8679962	0.4251377	5.254321
4074	-3793.78	-3938.833	145.053	0.9335989	0.8679962	0.4497371	5.254321
4080	-3803.177	-3947.781	144.6042	1.009158	1.014823	0.4106235	5.415017
4086	-3796.643	-3941.393	144.7493	0.9420241	0.8056853	0.4310987	5.474953
4092	-3796.889	-3941.015	144.1268	0.9371502	1.060607	0.4376627	5.664978
4098	-3800.468	-3942.004	141.5354	0.7932208	1.060607	0.4635231	7.124258
4104	-3800.594	-3943.945	143.3516	0.8659325	1.093803	0.3374514	6.217959
4110	-3801.59	-3946.734	145.1432	0.9040842	0.924829	0.3286424	5.318569
4116	-3802.798	-3948.668	145.87	0.9210989	0.7805012	0.3256984	5.000445
4122	-3809.024	-3954.055	145.0304	0.8317242	0.7805012	0.5568746	5.281307
4128	-3812.495	-3955.812	143.3166	0.8725365	0.9182781	0.5568746	6.113029
4134	-3808.679	-3952.368	143.6886	0.8089215	0.8318109	0.4993037	6.047013
4140	-3810.054	-3955.677	145.623	0.9365801	0.9546134	0.3978562	4.938523
4146	-3799.306	-3944.158	144.8519	0.9399785	0.9546134	0.3910317	5.370988
4152	-3818.158	-3960.652	142.4944	0.8336203	0.8003432	0.3910317	6.806486
4158	-3799.469	-3941.874	142.4043	0.7508578	0.9076048	0.4183023	6.806486
4164	-3805.393	-3947.923	142.5298	0.8036607	0.9076048	0.4519	6.67716
4170	-3807.122	-3950.075	142.9527	0.7332962	1.101252	0.4600067	6.373827
4176	-3798.635	-3941.609	142.9732	0.8042259	0.9447855	0.4600067	6.407722
4182	-3803.573	-3946.834	143.2617	0.7843409	0.9447855	0.4600067	6.261906
4188	-3795.192	-3939.915	144.7228	0.9769791	1.037824	0.4915208	5.275525
4194	-3799.184	-3944.37	145.1857	0.9319109	0.8582167	0.395847	5.243303
4200	-3789.953	-3934.311	144.3572	0.8481592	0.8582167	0.5058252	5.637715
4206	-3798.611	-3943.53	144.9186	0.9182373	0.8582167	0.5058252	5.2902
4212	-3802.617	-3947.539	144.9215	0.8825599	1.054789	0.4850508	5.214828
4218	-3796.626	-3941.508	144.882	0.8548951	0.8581534	0.3623165	5.490181
4224	-3803.84	-3948.149	144.3086	0.8261958	0.9917482	0.5335734	5.574149
4230	-3814.16	-3957.414	143.2539	0.8014047	1.114941	0.4009608	6.225167
4236	-3811.654	-3955.891	144.2366	0.7941414	0.9597186	0.4009608	5.775566
4242	-3802.729	-3946.12	143.3917	0.8404721	1.108432	0.4382318	6.094359
4248	-3806.069	-3950.809	144.7394	0.9505384	0.7567974	0.4382318	5.50084
4254	-3806.764	-3952.171	145.4079	1.056975	0.9874948	0.4382318	4.930476
4260	-3816.496	-3958.756	142.2604	0.859261	0.9640256	0.4382318	6.773825
4266	-3808.712	-3953.378	144.6655	0.8064943	0.7763935	0.4095599	5.636656
4272	-3817.3	-3962.346	145.0462	0.8524992	0.8410089	0.4512322	5.318135
4278	-3811.413	-3956.098	144.6847	0.8356536	0.8804021	0.4042652	5.549872
4284	-3809.865	-3954.567	144.7019	0.8617845	0.9659218	0.3381958	5.549872
4290	-3821.318	-3967.453	146.1356	1.010179	0.9659218	0.477312	4.523572
4296	-3807.333	-3952.742	145.4091	0.9793005	0.8480083	0.3743251	5.123334
4302	-3833.46	-3979.419	145.9593	1.229253	0.9418288	0.3289141	4.674127
4308	-3821.701	-3967.471	145.7705	0.9788504	0.9418288	0.532832	4.708739
4314	-3806.938	-3951.147	144.2083	0.8513289	0.9380624	0.6576025	5.545978
4320	-3800.067	-3944.143	144.0755	0.7726805	1.009169	0.5084204	5.744001
4326	-3813.849	-3959.176	145.3272	0.9490936	1.224163	0.5084204	4.8458
4332	-3808.838	-3953.167	144.3288	0.8608216	1.224163	0.3505207	5.608004
4338	-3808.551	-3953.081	144.5305	0.8885064	0.9782034	0.3505207	5.608004
4344	-3824.138	-3968.536	144.3981	0.8077828	1.121141	0.3773212	5.619049
4350	-3823.746	-3968.461	144.7145	1.006913	0.9063752	0.4253604	5.401915
4356	-3804.469	-3949.316	144.8463	0.9593284	0.7859117	0.4253604	5.430699
4362	-3815.577	-3960.917	145.3402	0.9463165	0.7859117	0.4253604	5.165224
4368	-3822.026	-3968.349	146.3227	0.9115954	0.7290075	0.4427578	4.658842
4374	-3820.901	-3966.299	145.3978	1.063683	0.7210398	0.4185329	5.119652
4380	-3807.565	-3953.693	146.128	1.104346	0.7210398	0.3484106	4.768307
4386	-3806.745	-3951.826	145.0808	0.9455627	0.7634767	0.4968564	5.254868
4392	-3807.673	-3952.354	144.6814	0.9189276	0.7634767	0.559768	5.4346
4398	-3816.611	-3960.399	143.788	0.9510395	0.9691623	0.4523973	5.877864
4404	-3816.034	-3960.118	144.0836	0.8298477	0.6800523	0.5500317	5.877864
4410	-3801.359	-3945.393	144.0339	0.7682598	0.921289	0.4450046	5.877864
4416	-3812.019	-3954.731	142.7125	0.8183606	0.921289	0.4450046	6.569144
4422	-3803.955	-3947.151	143.1956	0.783553	1.24206	0.4313782	6.174465
4428	-3817.934	-3961.836	143.9011	0.855081	1.21113	0.4313782	5.764854
4434	-3806.478	-3950.71	144.2322	0.8663302	0.9587047	0.6109432	5.548608
4440	-3808.3	-3951.86	143.5599	0.8823127	0.8059419	0.4815507	6.109731
4446	-3809.906	-3952.353	142.4467	0.8000315	0.7515369	0.4073204	6.865152
4452	-3811.97	-3956.186	144.2162	0.817996	0.9232357	0.5251058	5.675614
4458	-3812.239	-3956.762	144.5222	0.7039111	0.7551525	0.5251058	5.675614
4464	-3802.987	-3946.723	143.7357	0.920816	1.005498	0.5251058	5.836126
4470	-3800.865	-3943.744	142.8792	0.7676754	0.9524991	0.3730399	6.562651
4476	-3809.689	-3952.455	142.7663	0.7369879	0.7867679	0.3630601	6.750881
4482	-3813.505	-3959.162	145.6569	0.9205703	0.9340435	0.4391421	4.897514
4488	-3816.514	-3961.623	145.1091	0.8999963	0.7870958	0.4391421	5.303852
4494	-3819.31	-3963.43	144.12	0.6378214	0.7346448	0.3792122	6.087432
4500	-3803.757	-3947.49	143.733	0.7520528	0.8721018	0.4374609	6.087432
4506	-3800.425	-3944.957	144.5319	0.7443669	0.7738181	0.4684559	5.687249
4512	-3804.54	-3949.145	144.6049	0.8336258	0.9499636	0.4684559	5.489844
4518	-3805.223	-3951.234	146.0118	0.9463757	0.9154223	0.5067618	4.630902
4524	-3801.897	-3946.412	144.5151	0.8833792	0.9154223	0.5067618	5.496409
4530	-3814.081	-3958.094	144.0131	0.8909677	0.7375005	0.372877	6.012741
4536	-3803.62	-3947.975	144.3545	0.8317405	0.7375005	0.4890765	5.741776
4542	-3810.72	-3955.169	144.4481	0.8678524	0.7375005	0.3531078	5.809953
4548	-3809.844	-3954.956	145.1127	0.8554008	0.836822	0.3470998	5.393679
4554	-3812.711	-3956.818	144.1066	0.8741263	1.128404	0.3470998	5.772914
4560	-3809.781	-3954.391	144.61	0.8791363	1.128404	0.4010599	5.434063
4566	-3795.625	-3941.375	145.75	0.8898149	0.6794051	0.3905151	5.080541
4572	-3795.871	-3938.91	143.0384	0.8032036	0.790651	0.4512382	6.474372
4578	-3811.592	-3955.828	144.2358	0.961217	0.9681517	0.4513368	5.628705
4584	-3808.879	-3953.58	144.7008	0.9305595	0.8100054	0.4559951	5.480509
4590	-3800.282	-3944.546	144.2644	0.8289177	1.132332	0.4559951	5.594151
4596	-3788.678	-3931.742	143.0638	0.824116	1.132332	0.4620684	6.246662
4602	-3798.899	-3944.707	145.8077	0.8720781	0.8160013	0.4712659	4.881673
4608	-3793.243	-3939.07	145.8266	0.9683865	0.8231414	0.4032377	4.881673
4614	-3798.892	-3945.073	146.1808	0.9946315	0.681474	0.5288563	4.644815
4620	-3798.411	-3944.121	145.7098	0.9889376	0.681474	0.5288563	4.911002
4626	-3810.122	-3955.701	145.5789	0.928937	0.9039932	0.5288563	4.869497
4632	-3800.918	-3946.945	146.027	0.9408407	0.8659566	0.4183196	4.742214
4638	-3801.89	-3945.415	143.5257	0.7952686	0.7276193	0.4183196	6.2888
4644	-3799.301	-3944.427	145.1264	0.9853105	0.7276193	0.5451387	5.189413
4650	-3792.755	-3937.843	145.0874	0.9507421	0.9740583	0.5451387	5.075535
4656	-3797.119	-3941.685	144.5657	0.8562309	0.9280358	0.5628358	5.427407
4662	-3798.159	-3943.643	145.4841	0.9212372	0.9439725	0.4986192	4.930267
4668	-3809.851	-3953.983	144.1318	0.8849811	0.9974608	0.546247	5.624895
4674	-3807.52	-3951.5	143.9803	0.8847066	0.9974608	0.3638024	5.885634
4680	-3827.676	-3972.659	144.9826	1.023854	0.7541272	0.3364389	5.439117
4686	-3824.243	-3968.353	144.1108	0.7611275	0.7328984	0.3364389	6.074877
4692	-3802.908	-3946.56	143.6526	0.851271	0.7328984	0.5373026	6.074877
4698	-3802.072	-3947.623	145.5505	0.9001842	0.8194441	0.5373026	4.946482
4704	-3797.454	-3941.294	143.8397	0.8068424	0.9548396	0.4260552	5.962487
4710	-3809.047	-3952.204	143.1565	0.7161721	0.9415739	0.4394464	6.377765
4716	-3816.211	-3960.602	144.3907	0.7581089	0.9415739	0.3274555	5.803956
4722	-3798.07	-3941.46	143.3899	0.7959061	0.8127625	0.3274555	6.405939
4728	-3800.647	-3945.289	144.6413	0.8349686	0.7793506	0.5014982	5.54314
4734	-3802.614	-3946.475	143.8617	0.8272655	0.8518235	0.5146466	5.916438
4740	-3791.403	-3934.909	143.5058	0.7894578	0.8518235	0.511271	6.134105
4746	-3798.384	-3944.461	146.0774	0.9569663	0.8518235	0.4099458	4.722706
4752	-3794.851	-3939.464	144.6134	0.9610832	0.8518235	0.4256586	5.515522
4758	-3801.078	-3945.567	144.4891	0.8251402	0.8518235	0.4954038	5.591367
4764	-3797.949	-3941.391	143.4419	0.8324655	0.9670846	0.4560472	6.129002
4770	-3801.018	-3946.108	145.0898	0.8372128	0.9167538	0.3143843	5.407168
4776	-3811.246	-3956.855	145.6086	0.920714	0.9167538	0.3143843	5.074252
4782	-3805.043	-3951.569	146.5256	1.000603	0.6675237	0.4145756	4.569178
4788	-3801.683	-3947.442	145.759	0.9107889	0.7962903	0.4360037	4.934833
4794	-3813.053	-3958.42	145.3664	0.9339463	0.9174571	0.5218198	4.983199
4800	-3803.949	-3949.96	146.0109	0.9676884	0.7558498	0.5218198	4.708102
4806	-3796.326	-3941.221	144.8946	0.8645215	0.7558498	0.4731784	5.429527
4812	-3799.095	-3945.908	146.8136	1.076543	0.7558498	0.4731784	4.240416
4818	-3803.589	-3949.182	145.5927	0.8208985	1.011814	0.4164191	4.967834
4824	-3807.656	-3953.317	145.6607	0.9117069	1.008375	0.4164191	4.881355
4830	-3808.731	-3953.872	145.1412	0.905135	0.7615034	0.4123102	5.327725
4836	-3812.872	-3957.111	144.2387	0.7144578	1.108615	0.3870738	5.753286
4842	-3810.327	-3957.226	146.8992	1.088072	1.031797	0.4976673	3.989929
4848	-3816.279	-3962.222	145.9433	0.9198687	0.7411391	0.4976673	4.804826
4854	-3810.659	-3954.918	144.2587	0.8908679	1.144764	0.4991708	5.51652
4860	-3810.59	-3956.343	145.7529	1.020641	0.9550875	0.4991708	4.717913
4866	-3813.448	-3959.037	145.589	0.9877645	0.9902266	0.4991708	4.807834
4872	-3807.018	-3950.795	143.7774	0.8664375	1.077208	0.5427504	5.789759
4878	-3804.317	-3948.8	144.4831	0.897243	1.077208	0.5534481	5.376135
4884	-3818.112	-3963.081	144.9689	0.954102	1.263527	0.4579056	5.071254
4890	-3814.853	-3958.528	143.6747	0.8477426	0.849007	0.4793701	6.041032
4896	-3804.783	-3948.551	143.7682	0.8385576	0.849007	0.4793701	5.995056
4902	-3809.736	-3953.45	143.7138	0.8736284	0.8414614	0.6278395	5.885093
4908	-3824.777	-3968.555	143.7781	0.9004289	0.8895501	0.5309031	5.885093
4914	-3806.215	-3949.56	143.3453	0.910244	0.8932335	0.536081	6.10916
4920	-3802.725	-3947.857	145.1312	0.871484	0.8932335	0.536081	5.150225
4926	-3805.593	-3949.525	143.9321	0.9626354	0.8932335	0.4700834	5.819662
4932	-3811.713	-3957.032	145.3188	0.9363808	0.9637404	0.4700834	5.029182
4938	-3799.98	-3943.789	143.8095	0.8925663	0.9637404	0.4627534	5.891188
4944	-3803.602	-3947.405	143.8035	0.8458043	0.9113739	0.4847238	5.929425
4950	-3800.704	-3945.785	145.0804	0.8639176	0.9113739	0.471016	5.230966
4956	-3810.03	-3953.92	143.8898	0.9060798	0.9655433	0.3952888	5.906751
4962	-3803.448	-3948.367	144.9195	0.9879726	0.9053652	0.3952888	5.331331
4968	-3798.978	-3943.313	144.3342	0.9459719	0.9053652	0.5217593	5.554005
4974	-3789.594	-3934.253	144.6596	0.9398653	0.9424355	0.4787515	5.39582
4980	-3808.08	-3954.384	146.3042	0.9398653	0.8842407	0.5270955	4.470815
4986	-3809.354	-3954.739	145.3849	1.10877	1.024077	0.6786601	4.687007
4992	-3812.317	-3956.734	144.4169	0.9931418	0.924398	0.4784307	5.510851
4998	-3813.69	-3958.172	144.482	0.9280151	0.924398	0.4784307	5.510851
5004	-3814.091	-3959.209	145.1182	0.8385442	0.9430494	0.4187234	5.257379
5010	-3820.451	-3963.748	143.2973	0.8978848	1.115016	0.3370599	6.219868
5016	-3808.424	-3952.292	143.8676	0.8694028	1.115016	0.4515948	5.802352
5022	-3807.25	-3951.585	144.3349	0.8334083	0.9685175	0.615311	5.501302
5028	-3806.323	-3949.516	143.1931	0.7363472	0.8140028	0.5758836	6.301742
5034	-3806.249	-3950.282	144.033	0.7015597	1.01069	0.3922285	5.918581
5040	-3801.612	-3946.524	144.9118	0.9718164	1.132906	0.5657122	5.058863
5046	-3812.967	-3958.706	145.7384	1.147611	1.092425	0.5076199	4.57145
5052	-3817.211	-3962.869	145.6586	0.9288354	1.056913	0.3987452	4.865317
5058	-3806.668	-3950.626	143.9584	0.9304772	1.056913	0.2574134	5.973735
5064	-3806.418	-3951.862	145.4445	0.9011035	0.7962351	0.3635619	5.192343
5070	-3809.552	-3953.843	144.2911	1.029181	0.8660604	0.3635619	5.712686
5076	-3797.863	-3943.938	146.0757	0.9374134	0.9442115	0.591485	4.50927
5082	-3796.472	-3941.588	145.1153	1.001695	0.8366251	0.4851926	5.167781
5088	-3812.365	-3957.623	145.2583	0.8587163	0.8366251	0.4851926	5.167781
5094	-3798.261	-3943.681	145.4201	0.9124891	0.8366251	0.4615667	5.070773
5100	-3806.708	-3951.907	145.1993	0.8160666	0.9177709	0.3210152	5.349623
5106	-3806.149	-3951.24	145.0911	0.9659947	0.8290558	0.3470094	5.349623
5112	-3794.705	-3939.679	144.9735	0.8360818	0.8290558	0.3470094	5.485947
5118	-3797.931	-3943.167	145.2361	0.8930689	0.8205001	0.3540865	5.30706
5124	-3803.935	-3949.322	145.3869	0.9709982	0.8205001	0.4404957	5.087791
5130	-3812.32	-3956.651	144.3305	0.910067	1.061246	0.6752442	5.365418
5136	-3810.892	-3954.501	143.6091	0.8009968	1.020721	0.5402384	5.949428
5142	-3807.937	-3952.441	144.5037	0.9951259	0.8054367	0.3819172	5.6324
5148	-3804.182	-3949.433	145.2507	0.9951259	0.8328803	0.3777758	5.207938
5154	-3801.364	-3946.852	145.4874	0.9254993	0.7381183	0.4404781	5.112322
5160	-3801.671	-3946.851	145.1801	0.9254993	1.01521	0.4404781	5.112322
5166	-3810.176	-3956.012	145.8367	0.9016059	1.01521	0.4404781	4.760331
5172	-3816.506	-3962.036	145.53	1.095802	0.7310128	0.670976	4.80048
5178	-3813.009	-3957.963	144.9535	0.9657659	0.9974134	0.4774684	5.189361
5184	-3815.543	-3961.141	145.5979	0.9837666	0.8211034	0.4636454	4.940359
5190	-3815.548	-3961.385	145.8372	1.026308	0.8211034	0.4063273	4.841545
5196	-3820.62	-3965.658	145.0376	1.026308	0.8153553	0.4063273	5.288838
5202	-3808.299	-3954.671	146.3716	1.153924	0.8748416	0.4862266	4.355718
5208	-3800.194	-3945.178	144.9841	0.9176324	0.7666429	0.425001	5.390948
5214	-3811.979	-3956.184	144.2049	0.8346876	0.7666429	0.4948253	5.797094
5220	-3811.302	-3954.597	143.2955	0.7383694	0.7666429	0.4948253	6.345159
5226	-3805.691	-3949.03	143.3385	0.8206908	0.6881806	0.3802545	6.444076
5232	-3801.491	-3946.088	144.5972	1.017214	0.7472542	0.3802545	5.609321
5238	-3806.269	-3950.292	144.0223	0.909023	0.9239908	0.3802545	5.8726
5244	-3803.427	-3949.928	146.5005	0.9974704	1.035488	0.3611682	4.408578
5250	-3802.677	-3946.185	143.5073	0.8635899	0.8508536	0.4708124	6.130438
5256	-3803.652	-3947.95	144.2982	0.7705224	0.9403577	0.3954641	5.771634
5262	-3802.527	-3945.497	142.9697	0.7484968	0.868805	0.4042479	6.539452
5268	-3806.443	-3951.595	145.1522	1.003524	0.868805	0.3863245	5.225971
5274	-3799.801	-3944.034	144.2334	0.7982134	0.868805	0.3762391	5.854914
5280	-3799.194	-3944.493	145.2986	0.8204811	0.868805	0.4656171	5.165123
5286	-3800.128	-3943.892	143.7648	0.8204811	0.868805	0.3644698	6.111468
5292	-3805.798	-3950.97	145.1715	0.8329825	0.8778024	0.3644698	5.328291
5298	-3800.44	-3944.281	143.8411	0.8493955	0.9805165	0.3473512	6.00895
5304	-3803.245	-3946.94	143.6945	0.8381891	1.151535	0.5001089	5.850501
5310	-3799.962	-3943.291	143.3295	0.8261073	0.8444601	0.3835816	6.33892
5316	-3795.345	-3939.117	143.7719	0.8000337	0.8444601	0.4639593	6.031333
5322	-3799.241	-3941.72	142.4789	0.8000337	0.7923286	0.5255092	6.710084
5328	-3798.53	-3943.2	144.6705	1.006706	0.7923286	0.4200406	5.502598
5334	-3806.523	-3951.84	145.317	1.006706	0.8524513	0.3011753	5.243884
5340	-3807.753	-3952.875	145.1226	1.02601	1.01868	0.3011753	5.243884
5346	-3804.688	-3949.322	144.6346	0.8417783	0.8953644	0.4386619	5.529919
5352	-3800.002	-3944.136	144.1345	0.8758149	0.7872805	0.4386619	5.852832
5358	-3792.779	-3935.457	142.6777	0.7836257	0.9146792	0.4386619	6.616718
5364	-3809.399	-3953.372	143.9724	0.8933934	0.8173473	0.4000026	5.951872
5370	-3809.314	-3954.753	145.4393	0.8678548	0.8727254	0.3528215	5.177507
5376	-3811.129	-3956.478	145.3487	0.8678548	0.8510085	0.4104676	5.177507
5382	-3814.83	-3960.319	145.4888	1.072665	0.8246957	0.4047673	5.008969
5388	-3814.245	-3959.384	145.1391	0.9130648	1.178389	0.5176579	4.984367
5394	-3813.243	-3959.035	145.7919	0.9865378	0.8303138	0.6151454	4.691584
5400	-3824.42	-3970.286	145.8656	0.9278258	0.8303138	0.4640111	4.816102
5406	-3805.872	-3951.559	145.6873	0.9596627	0.7852257	0.4640111	4.927165
5412	-3804.569	-3951.757	147.1882	1.058988	0.6959439	0.4197094	4.135141
5418	-3803.56	-3950.199	146.6396	1.096633	0.6783552	0.4525945	4.403799
5424	-3806.11	-3952.567	146.4573	1.007898	0.6783552	0.4525945	4.556297
5430	-3808.001	-3953.519	145.5173	1.099295	0.6783552	0.5034452	4.981849
5436	-3808.604	-3952.698	144.0942	0.8729908	0.9535158	0.4222725	5.791806
5442	-3807.433	-3950.539	143.1069	0.7998561	0.9475755	0.4222725	6.372941
5448	-3802.6	-3946.768	144.1679	0.7875911	0.9069831	0.4222725	5.825098
5454	-3802.88	-3948.502	145.6217	0.9303987	0.7105785	0.4222725	5.072969
5460	-3801.382	-3946.602	145.2206	0.9283161	0.8212284	0.4441222	5.199461
5466	-3799.258	-3944.222	144.964	0.9474457	0.9770371	0.4834632	5.199461
5472	-3790.671	-3935.96	145.2889	0.9590154	0.9770371	0.4778473	5.018239
5478	-3800.404	-3947.015	146.6109	1.126661	0.8111665	0.4778473	4.28471
5484	-3795.912	-3941.212	145.2998	0.923348	0.8111665	0.3457497	5.270915
5490	-3797.485	-3942.448	144.9628	1.076866	0.9847936	0.4851942	5.122492
5496	-3802.9	-3948.85	145.9495	1.058184	1.031142	0.4851942	4.556922
5502	-3802.854	-3948.04	145.1868	1.043682	1.102571	0.3380815	5.108453
5508	-3797.007	-3942.502	145.4949	1.124899	0.8888711	0.455639	4.884509
5514	-3812.099	-3958.386	146.2867	1.014655	0.9764134	0.4726307	4.434494
5520	-3826.72	-3970.506	143.7859	0.971579	0.8658585	0.5210015	5.864834
5526	-3811.303	-3954.951	143.6482	0.8565362	0.8518792	0.5210015	6.01139
5532	-3797.932	-3943.071	145.1393	0.9512538	0.7496575	0.5231628	5.205062
5538	-3797.839	-3942.436	144.5964	0.8503987	0.8914509	0.4316359	5.555515
5544	-3800.194	-3944.039	143.8457	0.7256141	0.8699611	0.4316359	6.04749
5550	-3793.89	-3937.935	144.0455	0.8997269	0.7700254	0.3378408	6.008302
5556	-3799.012	-3944.305	145.2931	0.8830894	0.6744305	0.3378408	5.400313
5562	-3807.96	-3951.5	143.54	0.79188	0.7659464	0.3380571	6.344434
5568	-3802.5	-3945.653	143.1532	0.7830289	0.780487	0.5458952	6.344434
5574	-3813.021	-3957.481	144.4599	0.7813033	0.8396198	0.424499	5.70724
5580	-3803.705	-3946.692	142.9866	0.7421418	0.8451424	0.424499	6.52746
5586	-3804.572	-3949.446	144.8736	0.926117	0.8451424	0.424499	5.396867
5592	-3802.337	-3947.811	145.4738	0.9777235	0.8451424	0.5395109	4.927709
5598	-3797.475	-3943.022	145.547	0.9044912	0.8451424	0.5395109	4.927709
5604	-3804.62	-3949.408	144.788	1.014837	0.8451424	0.4755848	5.345044
5610	-3807.723	-3951.571	143.8489	0.7621701	0.8889709	0.4755848	5.972016
5616	-3802.309	-3945.672	143.3628	0.7730417	0.8478888	0.4693694	6.261428
5622	-3805.544	-3948.879	143.3355	0.8120176	1.011677	0.3729146	6.258768
5628	-3801.379	-3944.899	143.5204	0.7502798	1.018762	0.3881476	6.171434
5634	-3797.197	-3941.537	144.34	0.7426174	0.7890079	0.3881476	5.864271
5640	-3801.278	-3944.468	143.1896	0.7852094	0.9234053	0.4347282	6.337359
5646	-3806.285	-3950.284	143.9993	0.8591065	0.9585197	0.4052125	5.866039
5652	-3803.01	-3946.377	143.3672	0.7145899	0.7202717	0.3909448	6.452051
5658	-3803.945	-3949.295	145.3501	0.8564365	0.7559197	0.3207028	5.34671
5664	-3803.596	-3948.78	145.1847	0.8391186	0.7559197	0.4389789	5.31678
5670	-3799.981	-3943.691	143.7105	0.7777062	0.739462	0.4675785	6.141552
5676	-3808.66	-3953.412	144.7524	0.9052933	0.757909	0.4675785	5.489236
5682	-3804.552	-3950.17	145.618	1.014398	0.8694173	0.4675785	4.877799
5688	-3809.736	-3955.878	146.1412	0.9302594	0.8694173	0.4240056	4.676177
5694	-3807.121	-3951.426	144.3049	0.8581246	0.8694173	0.4112492	5.745309
5700	-3804.462	-3949.108	144.6465	0.8738912	0.8045634	0.4295406	5.571182
5706	-3803.13	-3947.857	144.7273	0.8461091	0.76043	0.4295406	5.571182
5712	-3801.183	-3946	144.817	0.8047714	0.7394343	0.4295406	5.558892
5718	-3796.011	-3939.529	143.5178	0.8099633	0.7394343	0.446689	6.248866
5724	-3795.955	-3940.353	144.3975	0.9149696	0.8307961	0.5392396	5.566615
5730	-3801.447	-3946.125	144.6786	0.8987307	0.6434371	0.4829582	5.600824
5736	-3812.982	-3958.386	145.4042	0.9089318	0.889277	0.3825648	5.130531
5742	-3791.696	-3936.757	145.0614	0.8369033	1.025214	0.5000267	5.164732
5748	-3792.032	-3936.812	144.78	0.8755876	0.8311124	0.3675047	5.54593
5754	-3794.531	-3939.563	145.0324	0.8781119	1.023876	0.5025157	5.15644
5760	-3810.191	-3954.203	144.0121	0.809998	0.8688026	0.4474486	5.895744
5766	-3809.903	-3953.627	143.7242	0.9706359	0.8688026	0.5227505	5.895744
5772	-3815.83	-3959.153	143.3235	0.7931972	0.8734901	0.3680727	6.359344
5778	-3806.837	-3950.577	143.7395	0.8112302	1.025524	0.4418722	5.960148
5784	-3806.304	-3950.722	144.4185	0.8706742	1.025524	0.4418722	5.55581
5790	-3803.657	-3948.54	144.8835	0.8706742	0.8154233	0.4418722	5.423305
5796	-3803.937	-3949.255	145.3174	0.9184284	0.6944476	0.4418722	5.239828
5802	-3793.617	-3937.113	143.4962	0.7506828	0.8759525	0.4418722	6.210406
5808	-3798.512	-3941.945	143.4333	0.8225567	0.8759525	0.4418722	6.20553
5814	-3796.327	-3939.375	143.048	0.8717298	0.8759525	0.505636	6.32865
5820	-3797.573	-3941.24	143.667	0.8403465	0.9345653	0.5997841	5.895111
5826	-3798.399	-3944.008	145.6092	0.9425569	0.9345653	0.3865636	4.966754
5832	-3794.084	-3939.916	145.8319	0.9425569	0.7340202	0.4633042	4.891812
5838	-3800.74	-3945.966	145.2265	0.8980529	0.7340202	0.3924857	5.324427
5844	-3806.122	-3950.683	144.5605	0.9074038	0.8193076	0.417782	5.602559
5850	-3793.39	-3937.23	143.8402	0.753507	0.9627781	0.4122516	6.000919
5856	-3791.551	-3935.74	144.1896	0.9221853	0.9627781	0.447824	5.681906
5862	-3800.529	-3944.529	143.9992	0.9143173	0.9627781	0.5687995	5.681906
5868	-3796.893	-3941.196	144.3033	0.9530612	0.9627781	0.371678	5.681906
5874	-3802.296	-3947.147	144.8512	0.9248331	1.004964	0.371678	5.372727
5880	-3812.977	-3956.425	143.4475	0.8833428	0.9073504	0.371678	6.218998
5886	-3807.931	-3951.167	143.2361	0.6842367	0.8857581	0.4305404	6.393095
5892	-3804.929	-3950.167	145.2386	0.8458754	0.7231997	0.448479	5.296422
5898	-3799.019	-3944.695	145.6753	1.00915	0.8831115	0.4353476	4.872254
5904	-3802.262	-3947.208	144.9461	0.9140562	0.8831115	0.5056359	5.262204
5910	-3813.942	-3958.225	144.2829	0.8826583	0.9240931	0.3856955	5.738474
5916	-3811.296	-3956.656	145.3602	0.8670998	0.7899766	0.4839501	5.137977
5922	-3804.24	-3950.722	146.4812	0.9457433	0.8669358	0.3971642	4.50677
5928	-3803.043	-3947.332	144.2892	0.8312614	0.9511387	0.4134099	5.71835
5934	-3806.27	-3950.699	144.4295	0.8414708	1.031732	0.5714077	5.445413
5940	-3817.332	-3961.337	144.0054	0.8798893	1.027805	0.5714077	5.659462
5946	-3810.239	-3956.303	146.0646	0.9306196	0.7629581	0.5714077	4.650776
5952	-3815.127	-3960.57	145.4423	0.9483179	0.7539786	0.5714077	4.994211
5958	-3825.558	-3971.518	145.9594	0.9793026	0.7539786	0.5832838	4.678701
5964	-3811.856	-3957.879	146.0224	1.019121	0.8841545	0.4746776	4.633265
5970	-3808.188	-3955.345	147.1567	1.188651	0.8999887	0.5260285	3.835843
5976	-3803.102	-3950.378	147.2754	1.094147	0.8999887	0.3993076	3.94925
5982	-3807.042	-3955.391	148.3498	0.992965	0.7996511	0.3993076	3.452044
5988	-3814.697	-3963.034	148.3379	1.224542	0.7996511	0.5693468	3.152241
5994	-3813.263	-3961.372	148.1084	1.248782	0.9546024	0.59635	3.148698
6000	-3812.313	-3959.908	147.595	1.176612	1.103066	0.6204484	3.388041
6006	-3814.994	-3962.276	147.2822	1.101045	1.103066	0.526513	3.696342
6012	-3802.501	-3947.721	145.2197	0.9210942	0.7511327	0.6141674	5.100028
6018	-3797.439	-3941.31	143.8717	0.891817	0.8024945	0.3831309	6.035118
6024	-3797.412	-3940.655	143.243	0.8297107	1.224278	0.5360199	6.035118
6030	-3805.372	-3949.22	143.8481	0.7474406	0.9022275	0.4517453	5.995299
6036	-3811.646	-3956.763	145.1167	0.8950777	0.7643998	0.4517453	5.305053
6042	-3817.643	-3962.015	144.3719	0.9002541	1.068305	0.52637	5.46374
6048	-3805.537	-3948.441	142.9041	0.7845584	1.092885	0.4330018	6.402767
6054	-3806.538	-3950.783	144.2457	0.8657581	0.9281464	0.4342659	5.71528
6060	-3804.54	-3947.724	143.1841	0.8436336	0.9508779	0.4594602	6.268961
6066	-3805.676	-3949.229	143.5531	0.9123609	0.7407132	0.5302421	6.096576
6072	-3805.042	-3948.666	143.6241	0.8302912	0.7407132	0.496042	6.132821
6078	-3797.447	-3939.287	141.8398	0.7336401	1.140068	0.496042	6.922846
6084	-3800.449	-3943.64	143.1905	0.8224269	0.9654365	0.3997556	6.328426
6090	-3804.636	-3950.423	145.7867	0.9011288	0.7856999	0.4191118	4.94914
6096	-3807.398	-3951.335	143.9372	0.7894475	1.236533	0.4886052	5.714156
6102	-3808.338	-3952.227	143.8891	0.9340882	1.102584	0.5021525	5.714156
6108	-3797.896	-3942.122	144.2255	0.8298974	1.007814	0.4214566	5.714156
6114	-3796.415	-3940.075	143.6609	0.8024947	0.8855324	0.4214566	6.107185
6120	-3794.483	-3938.121	143.6386	0.8092468	0.8700999	0.4392351	6.107185
6126	-3808.627	-3952.452	143.8244	0.7840115	1.180455	0.4392351	5.852578
6132	-3801.634	-3945.166	143.5318	0.8083121	1.161965	0.3604396	6.090976
6138	-3801.689	-3944.942	143.2528	0.8467489	1.183524	0.4786971	6.090976
6144	-3798.899	-3942.689	143.79	0.9384721	1.135493	0.3766703	5.874036
6150	-3801.609	-3946.232	144.6229	0.9180049	0.8814443	0.560927	5.391139
6156	-3805.88	-3951.341	145.4608	0.9094492	0.8814443	0.3663993	5.121638
6162	-3801.648	-3945.799	144.1517	0.8621356	0.8814443	0.3663993	5.867865
6168	-3802.398	-3945.664	143.266	0.8400841	0.9742506	0.3792017	6.29483
6174	-3794.631	-3938.791	144.1599	0.897313	0.9557619	0.4170105	5.746615
6180	-3795.804	-3941.29	145.486	0.9122653	0.9557619	0.3471202	5.084441
6186	-3799.206	-3942.603	143.3971	0.9319877	0.9557619	0.3471202	6.219804
6192	-3803.524	-3948.542	145.0177	1.012462	1.094873	0.5188142	5.037664
6198	-3799.95	-3945.021	145.0706	0.9692386	1.094873	0.5128614	5.037664
6204	-3818.887	-3963.09	144.2035	0.8999436	0.7944281	0.6699659	5.600673
6210	-3802.602	-3946.871	144.2699	0.8112171	0.7944281	0.6699659	5.61288
6216	-3797.063	-3941.306	144.2424	0.8677538	0.9146505	0.5554494	5.61288
6222	-3798.379	-3943.832	145.4534	0.8602535	0.7595647	0.4370471	5.15602
6228	-3794.184	-3938.862	144.6782	0.8525251	0.8467211	0.4788471	5.490876
6234	-3791.013	-3935.251	144.2378	0.8525251	0.9281775	0.4412544	5.719906
6240	-3802.552	-3946.452	143.9004	0.8135764	1.131199	0.4687746	5.790419
6246	-3795.652	-3939.891	144.2385	0.7988908	0.8555741	0.4897647	5.746051
6252	-3800.536	-3945.058	144.5212	0.8360375	0.772244	0.4578467	5.65403
6258	-3804.994	-3949.797	144.8032	0.8438076	0.8492312	0.3593058	5.548559
6264	-3804.183	-3948.146	143.9636	0.8065684	1.210548	0.4328887	5.755967
6270	-3803.907	-3949.86	145.9533	0.9606949	0.9649265	0.4303303	4.700734
6276	-3802.395	-3948.072	145.6777	0.9995862	0.9649265	0.4530709	4.81008
6282	-3815.695	-3961.635	145.9398	1.072308	0.9693457	0.4532166	4.620177
6288	-3807.497	-3951.53	144.0324	0.8120822	0.9693457	0.4189987	5.853343
6294	-3807.506	-3951.423	143.9173	0.8239849	0.8926917	0.5257873	5.853343
6300	-3792.053	-3936.585	144.5326	0.9264566	0.890174	0.5257873	5.461188
6306	-3789.848	-3934.324	144.4766	0.9188224	0.947636	0.4923074	5.492571
6312	-3791.76	-3937.117	145.3574	0.985542	0.947636	0.499272	4.962272
6318	-3790.228	-3935.439	145.2116	0.9051776	0.7935096	0.3853474	5.296349
6324	-3793.294	-3939.354	146.06	0.9435314	0.8441691	0.3853474	4.771367
6330	-3803.012	-3947.897	144.8843	0.8523706	0.8441691	0.3882132	5.470303
6336	-3803.672	-3948.654	144.9821	0.8509138	0.7632029	0.4834562	5.374146
6342	-3815.329	-3959.82	144.491	0.8149311	0.6625832	0.4834562	5.734854
6348	-3800.793	-3944.607	143.814	0.8098541	0.7490349	0.4834562	6.046368
6354	-3802.748	-3945.703	142.9548	0.8528483	0.9417474	0.4834562	6.371194
6360	-3798.538	-3944.484	145.9453	0.8857285	0.704556	0.5128243	4.834823
6366	-3792.331	-3935.637	143.3066	0.7416289	0.946228	0.4246521	6.294474
6372	-3787.473	-3930.673	143.2001	0.7947563	0.946228	0.4246521	6.323493
6378	-3801.873	-3947.643	145.77	0.8862848	0.7565	0.3621755	5.048322
6384	-3796.879	-3941.663	144.7833	0.8862848	0.7555264	0.3268256	5.634907
6390	-3792.337	-3936.112	143.7745	0.8083705	0.8573354	0.4465387	6.034174
6396	-3799.849	-3944.979	145.1304	0.9270206	0.7766166	0.3477981	5.382592
6402	-3810.544	-3955.464	144.9206	0.8355043	0.744883	0.3455988	5.572309
6408	-3800.302	-3946.288	145.9856	1.035668	0.744883	0.4947827	4.716584
6414	-3804.911	-3951.37	146.4585	1.207334	1.108364	0.4947827	4.13446
6420	-3803.864	-3949.641	145.7772	1.080411	1.029082	0.5008285	4.627619
6426	-3811.816	-3957.987	146.1706	1.102379	0.9524342	0.4282649	4.508708
6432	-3813.458	-3956.899	143.4414	0.8172048	0.9885829	0.4889862	6.094833
6438	-3803.718	-3948.629	144.9115	0.9337002	0.9885829	0.4924727	5.221221
6444	-3808.143	-3952.686	144.5427	0.9713004	1.105887	0.5265892	5.310803
6450	-3812.541	-3956.405	143.8642	0.8831205	1.105887	0.3911495	5.8629
6456	-3804.725	-3948.991	144.2662	0.8831205	1.042631	0.3911495	5.675626
6462	-3815.793	-3959.659	143.8655	0.9101466	1.042631	0.5846992	5.700747
6468	-3811.729	-3956.44	144.7119	0.9457588	1.143342	0.5560151	5.18703
6474	-3824.658	-3968.314	143.6562	0.898248	0.953346	0.5129361	5.931538
6480	-3808.015	-3951.508	143.4925	0.8286072	0.8313354	0.3949776	6.245023
6486	-3803.477	-3946.923	143.4459	0.8623545	0.8313354	0.4016537	6.245023
6492	-3794.904	-3940.161	145.2571	0.9086094	0.8435894	0.4638116	5.156701
6498	-3808.878	-3954.1	145.222	0.9419799	0.8435894	0.4648166	5.156701
6504	-3808.938	-3953.773	144.835	0.8693226	0.8615086	0.4369592	5.426706
6510	-3802.583	-3946.869	144.2854	0.8764684	0.7450954	0.4369592	5.799709
6516	-3802.159	-3946.606	144.4468	0.8385726	0.8008292	0.4369592	5.695156
6522	-3801.763	-3945.765	144.0022	0.8500626	0.77212	0.5177955	5.875346
6528	-3812.725	-3957.249	144.5243	0.9200313	0.8646523	0.4031135	5.602435
6534	-3818.602	-3963.023	144.421	0.9630265	0.9179333	0.4601077	5.546335
6540	-3805.429	-3950.535	145.1061	0.8831342	0.7688608	0.4165377	5.349902
6546	-3812.487	-3956.314	143.8274	0.7792745	0.950064	0.4724548	5.94181
6552	-3820.358	-3964.736	144.3782	0.8261364	0.7913885	0.4724548	5.711307
6558	-3820.272	-3963.963	143.6915	0.7971303	0.740949	0.4672457	6.140666
6564	-3812.544	-3955.279	142.7349	0.8501464	0.7898709	0.4093211	6.655335
6570	-3813.212	-3956.111	142.8986	0.8134554	0.8540117	0.4093211	6.546464
6576	-3812.4	-3955.2	142.8004	0.6910808	0.9654841	0.4648655	6.546464
6582	-3814.84	-3960.332	145.4924	0.9072997	0.9527842	0.4648655	4.960173
6588	-3808.69	-3954.365	145.6748	0.9371614	0.9446405	0.3574582	4.960173
6594	-3801.333	-3945.024	143.6905	0.7565422	0.8790214	0.5095152	6.036498
6600	-3804.985	-3949.173	144.1881	0.9069976	1.004625	0.5095152	5.610102
6606	-3803.155	-3948.251	145.096	0.8494821	1.001533	0.4624532	5.18692
6612	-3794.768	-3938.692	143.9246	0.9522029	1.070314	0.4624532	5.73828
6618	-3800.278	-3945.483	145.2054	0.8000983	0.8072312	0.3618411	5.37494
6624	-3805.5	-3949.492	143.9921	0.8052174	0.8072312	0.3618411	6.037116
6630	-3800.29	-3944.987	144.6974	0.8379519	0.8072312	0.3618411	5.633522
6636	-3808.901	-3953.675	144.7749	0.9579766	0.8072312	0.3618411	5.525049
6642	-3796.392	-3941.07	144.6776	0.9376644	0.845521	0.3495642	5.579468
6648	-3796.529	-3941.158	144.6283	0.9316191	0.8291226	0.3858555	5.579468
6654	-3795.344	-3940.247	144.9034	0.8472487	0.9130482	0.383447	5.426056
6660	-3800.528	-3945.075	144.5472	0.8904542	0.9367922	0.4379581	5.527579
6666	-3805.644	-3950.528	144.8839	0.9639188	0.9367922	0.4379581	5.301601
6672	-3805.805	-3951.14	145.3352	0.8522274	0.9367922	0.4112256	5.141172
6678	-3816.523	-3960.408	143.8854	0.9727443	1.041003	0.4112256	5.814834
6684	-3821.561	-3965.513	143.952	0.7875394	0.8471043	0.5127987	5.893378
6690	-3815.343	-3959.536	144.1935	0.8893539	0.7777639	0.4981297	5.763038
6696	-3812.982	-3956.497	143.515	0.8101352	0.7503846	0.4981297	6.194743
6702	-3808.6	-3952.333	143.7326	0.7998232	0.7148961	0.3686978	6.235297
6708	-3801.725	-3946.01	144.2849	0.8538446	0.7540611	0.4019772	5.842032
6714	-3807.333	-3951.282	143.9485	1.051308	0.8731043	0.4019772	5.842032
6720	-3808.834	-3952.825	143.9907	0.8768436	0.8731043	0.4340036	5.881604
6726	-3799.094	-3943.817	144.7237	0.9327189	0.8588938	0.4340036	5.457642
6732	-3799.119	-3943.476	144.3565	0.9559247	0.9231104	0.4340036	5.608254
6738	-3796.58	-3941.156	144.5758	0.921424	1.064162	0.3881937	5.47635
6744	-3807.981	-3952.529	144.5485	0.9151228	0.9017448	0.6052175	5.385316
6750	-3806.921	-3951.48	144.5589	0.81458	0.9880906	0.6052175	5.385316
6756	-3810.331	-3954.666	144.3358	0.856849	0.9564722	0.4829874	5.607585
6762	-3819.108	-3963.107	143.9988	0.9450532	0.9564722	0.4101177	5.815402
6768	-3820.697	-3965.078	144.3811	0.8111575	0.7121111	0.4101177	5.833153
6774	-3814.562	-3956.291	141.7291	0.9239738	0.9067206	0.5790433	6.933451
6780	-3823.045	-3964.975	141.93	0.6717269	1.034467	0.5294821	6.931748
6786	-3799.211	-3942.947	143.7363	0.8090106	1.095969	0.348046	6.026048
6792	-3801.962	-3945.957	143.9948	0.7613189	0.8096477	0.3942491	6.022674
6798	-3798.948	-3942.855	143.9067	0.8597882	0.9736966	0.5925105	5.73702
6804	-3803.912	-3947.747	143.8354	0.8559171	0.9736966	0.446907	5.906761
6810	-3802.436	-3948.121	145.6852	0.9763189	0.9736966	0.4239627	4.843279
6816	-3800.789	-3946.476	145.6874	0.9719851	0.9736966	0.4251305	4.843279
6822	-3801.04	-3943.79	142.75	0.7376826	1.053095	0.3936316	6.572342
6828	-3797.229	-3940.442	143.2129	0.8508946	1.085976	0.3688044	6.269818
6834	-3802.262	-3946.121	143.8589	0.8508946	1.085976	0.4125508	5.871088
6840	-3798.948	-3943.34	144.392	0.9391366	0.8263477	0.4125508	5.678503
6846	-3802.677	-3946.834	144.1569	0.9665674	0.8263477	0.5260419	5.684594
6852	-3809.165	-3953.385	144.2196	1.022587	0.8623335	0.4584339	5.659135
6858	-3804.372	-3948.157	143.7846	0.816558	0.8518996	0.4584339	6.016042
6864	-3798.032	-3943.524	145.4926	0.9443788	0.7257237	0.4584339	5.089882
6870	-3805.198	-3951.49	146.2925	1.049292	1.005193	0.4131982	4.455634
6876	-3815.163	-3959.688	144.5246	1.000726	0.8087553	0.4986903	5.499537
6882	-3811.994	-3957.774	145.7797	1.000726	0.951302	0.4039099	4.810878
6888	-3796.207	-3942.44	146.2323	1.075189	0.951302	0.4039099	4.515676
6894	-3802.42	-3947.773	145.3522	0.8720347	0.7877119	0.5342071	5.095658
6900	-3802.352	-3946.786	144.4339	0.9107597	1.185053	0.4451538	5.440557
6906	-3800.982	-3945.722	144.7404	0.9305442	1.195737	0.4724158	5.229023
6912	-3798.88	-3942.582	143.7021	0.774668	0.9303405	0.4724158	6.023993
6918	-3797.496	-3941.299	143.8029	0.8386661	0.8392388	0.4154638	6.044386
6924	-3791.889	-3936.519	144.6297	0.8255828	0.7838472	0.4154638	5.634786
6930	-3799.135	-3942.64	143.5046	0.8155366	1.004775	0.4074179	6.13182
6936	-3795.475	-3940.512	145.0372	0.8369871	0.923251	0.5254324	5.21279
6942	-3800.648	-3944.905	144.2569	0.893289	0.923251	0.5254324	5.611661
6948	-3802.729	-3946.867	144.1383	0.9204155	0.923251	0.6168205	5.586246
6954	-3803.609	-3948.829	145.2199	0.8795059	0.7837683	0.51129	5.187796
6960	-3809.151	-3956.179	147.0282	1.005454	0.8737931	0.4661874	4.087595
6966	-3816.955	-3964.022	147.0669	1.015893	0.9042968	0.4661874	4.040605
6972	-3822.224	-3969.712	147.4871	1.198463	0.9013328	0.3889257	3.778521
6978	-3804.55	-3951.145	146.5955	1.183567	0.9855818	0.4504017	4.180975
6984	-3807.504	-3952.787	145.283	1.122403	0.9855818	0.4504017	4.952487
6990	-3790.359	-3935.291	144.9328	0.8971425	0.9855818	0.4976199	5.2266
6996	-3795.901	-3939.816	143.9148	0.922181	0.9855818	0.4450472	5.822379
7002	-3804.353	-3948.824	144.4713	0.9008137	0.9855818	0.5437123	5.438331
7008	-3804.584	-3949.772	145.188	0.8542108	1.081364	0.5535709	5.007664
7014	-3799.242	-3942.172	142.9299	0.869266	0.7986674	0.5978953	6.364615
7020	-3808.738	-3955.311	146.5733	0.9927914	0.8807524	0.4371489	4.377542
7026	-3814.054	-3958.631	144.5771	0.8603658	1.123957	0.3807589	5.486579
7032	-3814.306	-3960.103	145.7966	0.8905077	0.7873269	0.4775184	4.890428
7038	-3811.072	-3955.985	144.913	0.9150496	0.8650258	0.4905106	5.304875
7044	-3803.165	-3948.048	144.8823	0.893971	0.8650258	0.4905106	5.333417
7050	-3804.358	-3949.104	144.7458	0.893971	0.8650258	0.4509798	5.446206
7056	-3803.199	-3947.527	144.3281	0.9050899	0.8650258	0.5022914	5.621464
7062	-3817.032	-3962.089	145.0567	0.8298505	0.8650258	0.498865	5.264849
7068	-3809.92	-3954.117	144.1974	0.9421496	0.9170619	0.498865	5.644853
7074	-3795.347	-3937.793	142.4462	0.7589978	0.7886819	0.3790289	6.893012
7080	-3793.539	-3937.148	143.6089	0.7122726	0.927881	0.3790289	6.204276
7086	-3805.305	-3948.614	143.3093	0.8202955	0.836881	0.4816314	6.260249
7092	-3798.85	-3942.526	143.6769	0.7868163	0.942751	0.5413013	5.962437
7098	-3801.291	-3945.153	143.8621	0.9621041	0.942751	0.4876248	5.812993
7104	-3804.235	-3948.393	144.158	0.946882	1.000339	0.4790002	5.635001
7110	-3802.529	-3947.991	145.4623	0.8752982	1.01867	0.3695874	5.057014
7116	-3817.499	-3963.547	146.0476	0.8769234	1.177249	0.5463837	4.471701
7122	-3799.096	-3943.228	144.1318	0.7825454	0.7896937	0.5472063	5.804362
7128	-3799.851	-3944.681	144.8299	0.879662	1.057233	0.3627816	5.391264
7134	-3817.498	-3962.015	144.5165	0.8677816	1.057233	0.3627816	5.570207
7140	-3810.896	-3955.6	144.7032	0.8779837	0.8663665	0.3627816	5.570207
7146	-3813.209	-3958.127	144.9175	0.88289	0.8663665	0.3627816	5.449658
7152	-3811.263	-3954.788	143.525	0.7056115	0.8663665	0.3890415	6.279024
7158	-3812.254	-3956.278	144.0238	0.7961592	0.8663665	0.344905	6.00732
7164	-3815.043	-3960.696	145.6532	0.8647714	0.9162199	0.4483695	4.931926
7170	-3815.468	-3960.002	144.5338	0.8155925	1.160321	0.4483695	5.446861
7176	-3809.333	-3954.772	145.4394	0.894493	0.8559669	0.4097532	5.1102
7182	-3813.165	-3958.883	145.718	0.9379907	1.051494	0.4097532	4.818244
7188	-3812.873	-3958.208	145.3347	0.9483437	1.061409	0.3795156	5.05318
7194	-3803.803	-3948.412	144.6088	0.9051374	0.9158087	0.3837911	5.554226
7200	-3817.535	-3962.508	144.9733	0.8614069	0.8814349	0.5079319	5.275204
7206	-3823.959	-3967.769	143.8099	0.8411178	1.048636	0.5079319	5.831189
7212	-3811.05	-3954.751	143.7006	0.737094	0.9477066	0.4220002	6.084513
7218	-3799.975	-3942.895	142.9197	0.8138352	0.9477066	0.4220002	6.467057
7224	-3805.04	-3947.548	142.508	0.7305463	0.8997091	0.4606549	6.724701
7230	-3814.854	-3958.682	143.8278	0.8352433	0.8817783	0.6074857	5.834957
7236	-3822.112	-3965.949	143.8377	0.7962053	0.9988779	0.4205132	5.950538
7242	-3808.439	-3954.033	145.5941	0.9398618	0.894102	0.4607281	4.924174
7248	-3818.577	-3963.727	145.1505	0.8823578	0.894102	0.5999372	5.079432
7254	-3813.172	-3957.989	144.8171	0.8823578	0.8959928	0.4994853	5.348757
7260	-3811.201	-3957.222	146.0208	1.036631	0.8959928	0.4994853	4.593676
7266	-3803.859	-3949.202	145.3434	0.9993621	0.8959928	0.361639	5.133492
7272	-3809.755	-3955.429	145.6741	0.9885825	0.8177591	0.3528688	5.014871
7278	-3807.662	-3952.531	144.8691	0.9006295	1.071201	0.434119	5.274553
7284	-3797.531	-3942.921	145.3904	0.8572302	1.071201	0.4089725	5.035821
7290	-3806.482	-3952.698	146.2155	0.917461	0.6981114	0.4089725	4.772585
7296	-3805.798	-3950.377	144.5782	0.9203536	1.036714	0.4089725	5.468088
7302	-3806.717	-3952.009	145.2924	0.9043802	0.71024	0.4089725	5.283684
7308	-3816.229	-3961.315	145.0858	0.9061424	1.117479	0.4089725	5.153597
7314	-3804.417	-3949.401	144.9845	1.008757	1.072018	0.4310142	5.153597
7320	-3805.047	-3951.386	146.3387	0.9853382	0.8030581	0.4042145	4.598003
7326	-3802.853	-3947.919	145.0659	0.9519122	0.8030581	0.4042145	5.32449
7332	-3798.895	-3943.547	144.6518	0.8815955	0.8868588	0.4042145	5.538907
7338	-3805.286	-3950.501	145.2151	0.9270795	0.7341592	0.4042145	5.302061
7344	-3805.214	-3950.656	145.4423	1.035771	0.8222104	0.5696645	4.901717
7350	-3806.756	-3951.845	145.0889	0.9398342	0.9938401	0.5315148	5.081507
7356	-3803.22	-3947.663	144.4432	0.9032309	0.9526677	0.5315148	5.481546
7362	-3804.882	-3948.396	143.5139	0.9052169	0.9526677	0.2944843	6.236523
7368	-3808.561	-3953.29	144.729	0.9530486	0.7070623	0.4175502	5.560549
7374	-3799.022	-3943.649	144.6277	0.8316547	0.9810471	0.4175502	5.511191
7380	-3800.069	-3944.563	144.4935	0.7848342	0.9423996	0.5474255	5.511191
7386	-3802.115	-3946.457	144.342	0.7057541	0.9423996	0.3808698	5.797633
7392	-3809.28	-3953.999	144.7181	0.9622575	1.139202	0.3517317	5.377901
7398	-3810.261	-3954.26	143.9983	0.8251053	0.8085104	0.3517317	6.033544
7404	-3804.68	-3949.006	144.3263	0.9240728	0.7543497	0.4730494	5.710114
7410	-3816.612	-3963.005	146.3935	1.065661	0.7543497	0.4591466	4.498541
7416	-3810.756	-3955.699	144.9423	0.9422983	0.7543497	0.4376185	5.395945
7422	-3800.803	-3945.603	144.7999	0.898341	0.8959108	0.4503086	5.395945
7428	-3804.381	-3950.5	146.1192	0.9469287	1.056688	0.4474196	4.547036
7434	-3802.05	-3947.358	145.308	0.9469492	0.8012801	0.4517299	5.146136
7440	-3819.049	-3965.091	146.0427	1.034038	0.7961725	0.4517299	4.692067
7446	-3812.107	-3956.414	144.3076	0.9486858	1.15534	0.4200029	5.528993
7452	-3812.536	-3958.694	146.1584	0.9484276	1.15534	0.4200029	4.500857
7458	-3817.822	-3964.185	146.3632	0.8991578	0.8342956	0.4939661	4.522336
7464	-3811.808	-3956.018	144.21	0.9856443	0.8718551	0.3788255	5.760472
7470	-3815.074	-3959.518	144.4439	0.8464016	1.017964	0.4631012	5.538604
7476	-3801.143	-3945.936	144.7923	0.8320149	0.7303567	0.4549257	5.538604
7482	-3800.317	-3944.709	144.3926	0.9462454	0.9837558	0.4549257	5.538604
7488	-3792.958	-3937.333	144.3743	0.801005	0.9477911	0.4635991	5.640306
7494	-3805.358	-3950.638	145.2801	1.051375	0.8700859	0.4635991	5.048556
7500	-3799.754	-3944.095	144.341	0.9713249	1.16333	0.3222581	5.60342
7506	-3802.878	-3947.616	144.7378	0.945029	1.16333	0.4994744	5.213023
7512	-3804.427	-3950.279	145.8519	1.005713	0.8988273	0.4378409	4.763559
7518	-3807.914	-3951.571	143.6575	0.8245978	0.8595393	0.4491978	6.085175
7524	-3809.107	-3954.897	145.7906	1.119494	0.8072598	0.3815304	4.851446
7530	-3806.377	-3951.82	145.4431	0.9790466	1.041272	0.3317194	5.042087
7536	-3813.693	-3959.716	146.0232	0.9738048	0.8153928	0.3350716	4.85152
7542	-3803.594	-3949.679	146.0843	0.9248188	0.7655674	0.3350716	4.87783
7548	-3803.787	-3947.588	143.8018	0.9411871	1.046349	0.3350716	5.959098
7554	-3798.857	-3942.674	143.8166	0.9121974	1.046349	0.3821679	5.913472
7560	-3795.877	-3938.889	143.0125	0.9094026	1.046349	0.6587856	6.107755
7566	-3796.571	-3941.531	144.9597	0.9506556	0.8851978	0.5779189	5.170662
7572	-3804.031	-3950.177	146.1461	1.10349	0.8851978	0.5046761	4.487497
7578	-3805.584	-3949.958	144.3735	1.018754	0.8851978	0.5420382	5.486781
7584	-3809.457	-3955.781	146.324	1.125571	0.8851978	0.520379	4.360425
7590	-3798.524	-3943.403	144.8796	1.012261	1.025248	0.3904036	5.277173
7596	-3801.728	-3946.509	144.7804	0.8772644	0.7227173	0.3750637	5.608224
7602	-3805.665	-3950.25	144.5857	0.8760287	0.8745722	0.3670936	5.625941
7608	-3802.31	-3946.19	143.88	0.8559782	0.8745722	0.4025313	5.984676
7614	-3800.565	-3944.34	143.7752	0.7758444	0.8739742	0.516335	5.976757
7620	-3805.815	-3949.577	143.7621	0.822969	0.7987057	0.516335	6.005139
7626	-3804.833	-3950.668	145.8343	1.043379	0.9537644	0.6532729	4.530598
7632	-3806.601	-3953.026	146.4254	0.9628436	0.9559685	0.5343035	4.339968
7638	-3798.251	-3943.674	145.4233	0.9993436	0.9559685	0.532683	4.882999
7644	-3806.782	-3951.828	145.0459	0.8987163	0.9589868	0.434304	5.239057
7650	-3805.66	-3951.827	146.1678	0.8987163	0.9589868	0.434304	4.614674
7656	-3804	-3949.195	145.1952	0.9616725	0.9589868	0.3365526	5.228822
7662	-3797.481	-3942.479	144.9983	0.9391328	0.9589868	0.4485761	5.228822
7668	-3798.568	-3942.396	143.8285	0.8469524	0.9589868	0.4485761	5.922075
7674	-3796.573	-3940.239	143.6665	0.8364721	0.9589868	0.3261606	6.148107
7680	-3788.909	-3933.164	144.2554	0.7750878	0.8214786	0.515911	5.747503
7686	-3800.727	-3945.718	144.991	0.8656041	0.8300214	0.515911	5.287845
7692	-3792.34	-3937.768	145.4279	0.8698558	0.7828066	0.3988442	5.188766
7698	-3802.937	-3949.429	146.4926	1.09592	1.078764	0.3988442	4.291514
7704	-3817.51	-3963.882	146.3717	1.103192	1.078764	0.3988442	4.355761
7710	-3809.21	-3953.747	144.5363	0.9416101	1.121773	0.477153	5.367638
7716	-3805.306	-3949.894	144.588	0.9176141	1.047555	0.477153	5.390855
7722	-3797.169	-3941.481	144.3126	0.8797959	1.047555	0.4859784	5.554951
7728	-3802.095	-3944.541	142.4458	0.7906403	1.047555	0.4675039	6.637789
7734	-3794.469	-3939.004	144.5347	0.8465613	0.8391423	0.4450674	5.610181
7740	-3803.999	-3948.513	144.5145	0.8764507	0.8536454	0.4306401	5.610181
7746	-3808.674	-3951.618	142.9438	0.8592126	0.8655787	0.4802886	6.421179
7752	-3804.696	-3948.684	143.9883	0.9024165	0.8655787	0.5289005	5.785228
7758	-3806.656	-3951.595	144.9397	0.9780978	0.8655787	0.5289005	5.220304
7764	-3795.646	-3940.137	144.4909	0.9126307	0.8407722	0.5289005	5.519265
7770	-3820.585	-3964.948	144.3638	0.8680088	0.854589	0.4249815	5.702628
7776	-3811.7	-3955.924	144.2238	0.9018505	0.8606483	0.4249815	5.757027
7782	-3809.726	-3952.151	142.4251	0.8040231	0.8929206	0.3452774	6.85362
7788	-3800.553	-3943.871	143.3171	0.7274229	1.023778	0.5325718	6.153609
7794	-3807.651	-3950.567	142.9158	0.9241483	0.954984	0.4425359	6.38489
7800	-3797.265	-3942.52	145.2549	0.9379486	0.9108328	0.456095	5.10808
7806	-3805.813	-3948.849	143.0357	0.697469	0.9108328	0.3686815	6.54449
7812	-3812.642	-3957.696	145.0541	0.9073199	0.7787807	0.4964467	5.280879
7818	-3816.395	-3961.071	144.6762	0.8819206	1.171129	0.4964467	5.280879
7824	-3808.454	-3952.364	143.9094	0.75047	0.9363284	0.418583	5.973335
7830	-3804.777	-3949.65	144.8728	0.8825081	1.101931	0.4447488	5.25594
7836	-3805.756	-3950.143	144.3879	0.8742227	0.897092	0.3490978	5.742357
7842	-3800.655	-3944.531	143.876	0.832397	0.897092	0.3848759	6.005048
7848	-3807.367	-3951.823	144.4553	0.8642141	0.897092	0.3919106	5.663271
7854	-3796.177	-3940.442	144.2648	0.7886721	0.9386547	0.3961502	5.780241
7860	-3796.783	-3940.751	143.9677	0.7978417	0.9386547	0.5645509	5.780241
7866	-3801.073	-3945.855	144.7819	0.8316816	0.7245201	0.5218709	5.486656
7872	-3803.298	-3947.715	144.4174	0.929733	1.078608	0.4284661	5.509251
7878	-3808.446	-3953.88	145.4338	0.9154292	1.078608	0.4665295	4.917385
7884	-3822.612	-3964.735	142.1228	0.6265364	1.078608	0.4665295	6.885706
7890	-3827.924	-3972.234	144.3097	0.8302589	0.8099959	0.4075907	5.798748
7896	-3814.074	-3958.836	144.7621	0.8281842	0.9648088	0.3854868	5.482218
7902	-3819.396	-3963.446	144.0501	0.8448215	0.9648088	0.4942631	5.755693
7908	-3814.452	-3958.232	143.7807	0.8914867	0.9648088	0.4900683	5.88138
7914	-3800.666	-3944.227	143.561	0.7954853	0.8204818	0.3750165	6.254068
7920	-3800.671	-3946.226	145.5548	0.8387829	0.8384716	0.4743454	5.023519
7926	-3806.41	-3951.118	144.7087	0.8171116	0.8384716	0.4821651	5.495629
7932	-3802.348	-3947.326	144.9776	0.8693803	0.7302408	0.3780848	5.495629
7938	-3802.137	-3948.16	146.0229	0.8665915	0.7302408	0.4224254	4.871346
7944	-3802.877	-3949.017	146.14	0.8725369	0.6373393	0.4224254	4.871346
7950	-3812.982	-3957.587	144.6049	0.9992789	1.137758	0.4231141	5.342972
7956	-3813.747	-3958.677	144.9297	1.03949	0.8762755	0.4353587	5.273181
7962	-3813.512	-3959.868	146.3559	1.092945	0.8765625	0.528194	4.35913
7968	-3805.793	-3950.289	144.4962	0.86719	0.8765625	0.4188112	5.623314
7974	-3805.817	-3951.159	145.3418	0.9954366	1.045542	0.4892901	4.920036
7980	-3802.587	-3947.395	144.8086	0.9567647	0.8910267	0.4229454	5.389318
7986	-3818.662	-3963.219	144.5573	0.8684457	0.8128479	0.4229454	5.62454
7992	-3802.533	-3946.906	144.3733	0.7954296	0.7420971	0.4637089	5.771982
7998	-3816.866	-3962.401	145.5358	0.9468932	1.096123	0.5570571	4.75157
8004	-3821.434	-3967.153	145.719	1.080371	1.1335	0.3589163	4.75157
8010	-3801.292	-3945.524	144.2322	0.8085788	1.057953	0.5378904	5.586366
8016	-3807.396	-3952.623	145.2274	0.9064968	1.057953	0.5521477	4.970266
8022	-3799.564	-3943.442	143.8779	0.9188491	1.041718	0.5843712	5.689923
8028	-3798.957	-3943.806	144.8496	0.8107033	0.6597084	0.5843712	5.45475
8034	-3794.472	-3939.598	145.1259	0.9251472	0.8591688	0.3934325	5.282055
8040	-3797.1	-3941.426	144.3258	0.9316928	0.8670526	0.3767765	5.731778
8046	-3805.287	-3948.553	143.2668	0.8165426	0.8670526	0.4057676	6.340978
8052	-3820.901	-3964.714	143.8125	0.8688942	0.9250862	0.5362986	5.857943
8058	-3820.095	-3966.135	146.0398	1.096472	0.9752089	0.4546123	4.545717
8064	-3805.334	-3950.62	145.2867	0.8618649	0.8315223	0.3912029	5.247901
8070	-3815.931	-3960.423	144.4928	0.8174656	0.9050281	0.4035405	5.651287
8076	-3810.227	-3955.506	145.2783	1.089573	0.9050281	0.4325689	5.037885
8082	-3813.39	-3959.155	145.7646	0.9350972	0.7638449	0.3313249	5.055561
8088	-3805.161	-3951.113	145.9522	1.064749	0.5859896	0.3313249	5.011812
8094	-3805.189	-3950.978	145.7893	0.9310237	0.5859896	0.402512	5.095587
8100	-3805.158	-3950.947	145.7894	0.9186505	0.6716789	0.4477433	4.989038
8106	-3803.441	-3949.191	145.7503	0.9964908	0.6914426	0.423823	4.97711
8112	-3805.578	-3950.949	145.3716	0.840922	0.6914426	0.5373507	5.166161
8118	-3802.315	-3947.149	144.8336	0.840922	0.7012033	0.4466359	5.539636
8124	-3815.402	-3958.724	143.3223	0.7378769	0.8845566	0.4953283	6.256484
8130	-3803.615	-3948.299	144.6844	0.9771272	0.9624403	0.5272117	5.306139
8136	-3817.276	-3960.823	143.5477	0.9786162	0.6893384	0.432734	6.189543
8142	-3815.117	-3961.314	146.1978	0.994879	0.771302	0.4352337	4.660466
8148	-3827.456	-3973.323	145.867	1.054406	0.6949945	0.4580646	4.842892
8154	-3823.096	-3968.347	145.2508	0.9904571	0.6949945	0.3471623	5.338442
8160	-3816.83	-3958.973	142.1427	0.7135012	1.110826	0.4345708	6.84248
8166	-3803.753	-3947.53	143.777	0.9071195	1.110826	0.4197641	5.865074
8172	-3810.538	-3955.516	144.9789	0.8665702	0.8379618	0.5317288	5.274984
8178	-3810.869	-3955.894	145.025	0.7551623	0.8759541	0.3626115	5.455135
8184	-3822.614	-3966.207	143.5934	0.7859624	0.8759541	0.3626115	6.221271
8190	-3815.358	-3960.33	144.972	0.8938935	0.7789802	0.3557977	5.477232
8196	-3808.625	-3953.164	144.5391	0.8458788	0.7789802	0.520098	5.576921
8202	-3811.347	-3957.301	145.9535	0.8458788	0.718507	0.3708771	4.985439
8208	-3803.876	-3949.323	145.4469	0.8780616	0.718507	0.3708771	5.248335
8214	-3799.567	-3945.419	145.8522	0.8780616	0.718507	0.3930517	4.999296
8220	-3792.37	-3937.202	144.8312	0.9560087	0.9074677	0.3979595	5.393543
8226	-3807.543	-3953.587	146.0448	1.139234	0.9218496	0.450792	4.553854
8232	-3809.668	-3955.341	145.6738	0.8626262	0.8844326	0.52806	4.866124
8238	-3818.605	-3961.83	143.2251	0.8216729	1.091206	0.52806	6.121108
8244	-3818.326	-3963.512	145.1859	0.8789468	0.9986528	0.5075849	5.080145
8250	-3812.908	-3956.645	143.7369	0.8278409	0.8549778	0.3741539	6.120307
8256	-3799.592	-3945.427	145.8343	1.015563	0.9109384	0.3741539	4.828511
8262	-3801.697	-3947.334	145.6373	0.8530485	0.7234784	0.4013207	5.120039
8268	-3810.737	-3955.612	144.8747	0.8530485	0.8642173	0.4013207	5.448798
8274	-3819.753	-3966.968	147.2155	1.070405	0.7020445	0.4222735	4.105841
8280	-3818.097	-3962.891	144.7942	1.006125	0.9873291	0.4409805	5.296105
8286	-3813.161	-3958.293	145.1316	1.039217	1.020909	0.3676563	5.150411
8292	-3814.264	-3960.579	146.3145	0.9793236	1.020909	0.3593748	4.533635
8298	-3820.224	-3964.963	144.7397	1.001211	1.020909	0.499697	5.254427
8304	-3805.28	-3949.817	144.5377	0.9244691	1.020909	0.499697	5.408257
8310	-3810.074	-3954.514	144.4395	1.00221	1.173939	0.4066461	5.431707
8316	-3815.215	-3959.594	144.3791	0.9772785	1.173939	0.3552637	5.535034
8322	-3804.348	-3949.751	145.403	0.8830647	1.059101	0.3552637	5.080147
8328	-3796.424	-3939.86	143.4353	0.929201	0.8837768	0.5632163	6.032554
8334	-3802.944	-3946.674	143.73	0.8484886	0.8516324	0.4542735	6.032554
8340	-3808.022	-3952.204	144.1818	0.9253476	1.102001	0.4542735	5.603531
8346	-3806.379	-3950.222	143.8431	0.8081264	0.9190851	0.4542735	5.952589
8352	-3797.53	-3942.711	145.1813	0.8984059	1.026714	0.4542735	5.106735
8358	-3805.861	-3949.754	143.8933	0.8470436	1.026714	0.4428788	5.854952
8364	-3785.928	-3929.853	143.9247	0.8009726	1.026714	0.4510714	5.854952
8370	-3787.73	-3932.322	144.5919	0.9190318	0.9453158	0.4510714	5.469403
8376	-3803.455	-3945.706	142.2513	0.7858723	0.8373162	0.4510714	6.879922
8382	-3810.099	-3952.605	142.5059	0.7901197	1.048409	0.4510714	6.620721
8388	-3805.885	-3951.235	145.3507	0.9184814	0.9044848	0.3650288	5.165287
8394	-3806.469	-3949.994	143.5253	0.8732816	1.021511	0.362689	6.128228
8400	-3803.156	-3945.799	142.6429	0.6269457	0.9195549	0.5444054	6.621616
8406	-3797.947	-3941.527	143.5796	0.7805639	0.9995843	0.4204843	6.099421
8412	-3806.975	-3952.387	145.4116	1.131538	0.8170629	0.2866399	5.163843
8418	-3807.121	-3952.516	145.3952	1.054684	0.977669	0.2873562	5.117936
8424	-3818.232	-3961.973	143.7407	0.9475131	0.7539631	0.2873562	6.221374
8430	-3805.544	-3951.301	145.7571	0.996309	0.9123413	0.3262704	4.937637
8436	-3810.056	-3955.679	145.6236	1.129807	0.9123413	0.3262704	4.937637
8442	-3809.443	-3953.021	143.5778	0.9666877	1.012265	0.3605654	6.05615
8448	-3806.086	-3950.932	144.8468	0.9286732	0.8494708	0.3605654	5.476318
8454	-3800.725	-3945.049	144.3246	0.9248927	1.149705	0.4760934	5.480471
8460	-3800.921	-3946.401	145.4808	0.9706181	1.077821	0.3363907	5.000738
8466	-3802.836	-3947.15	144.314	0.8670072	1.058611	0.3494822	5.696239
8472	-3796.701	-3941.657	144.9554	0.8427884	1.058611	0.3719596	5.331329
8478	-3808.269	-3950.845	142.5762	0.7093728	1.125408	0.5801332	6.473787
8484	-3808.209	-3953.854	145.6449	0.9687074	0.9060651	0.514385	4.822251
8490	-3801.479	-3947.253	145.7738	0.9512247	0.8993851	0.4088371	4.867225
8496	-3795.5	-3939.705	144.205	0.9000161	0.8300836	0.4164028	5.796042
8502	-3802.328	-3947.695	145.3668	0.9296216	0.8532668	0.4014512	5.141455
8508	-3795.71	-3940.317	144.6067	0.8884758	0.6935718	0.3954322	5.69587
8514	-3799.468	-3943.954	144.4855	0.9720356	0.6935718	0.4151423	5.69587
8520	-3791.987	-3937.447	145.4598	0.9967418	0.7680312	0.4151423	5.093522
8526	-3792.777	-3938.035	145.2578	0.9967418	0.8636468	0.4152465	5.143653
8532	-3796.444	-3943.282	146.838	1.035543	0.8028532	0.4258611	4.265513
8538	-3799.192	-3943.665	144.4724	0.9058672	0.7671397	0.4258611	5.677459
8544	-3802.896	-3946.715	143.819	0.7771602	0.8024641	0.4603854	6.047973
8550	-3795.374	-3939.965	144.5907	0.8604021	1.088195	0.4603854	5.415559
8556	-3804.823	-3949.595	144.7719	0.8934804	0.8262998	0.3917812	5.516922
8562	-3799.816	-3946.032	146.2156	0.9975423	0.8262998	0.4383727	4.60936
8568	-3802.619	-3948.243	145.6235	0.9432557	1.133876	0.4215266	4.812675
8574	-3799.866	-3942.599	142.7331	0.8084855	1.242406	0.3352175	6.515605
8580	-3803.887	-3948.195	144.3087	0.8420765	1.242406	0.4335299	5.531555
8586	-3798.353	-3942.834	144.4807	0.9464592	0.9793408	0.4742131	5.474016
8592	-3798.066	-3941.554	143.488	0.8008196	0.8138745	0.4023758	6.265778
8598	-3816.212	-3961.206	144.9939	0.7949997	1.321966	0.5156389	5.065001
8604	-3810.063	-3953.7	143.637	0.9227983	1.321966	0.4215092	5.831546
8610	-3799.916	-3943.788	143.872	0.9866878	0.9831326	0.425262	5.831546
8616	-3810.016	-3953.62	143.6041	0.8865954	1.329242	0.4248342	5.862739
8622	-3811.148	-3954.71	143.5614	0.8970804	1.329242	0.4662167	5.839835
8628	-3810.221	-3954.243	144.0226	0.9046618	0.9019704	0.3849777	5.88258
8634	-3796.863	-3940.956	144.0936	0.9396812	0.9019704	0.3704464	5.84053
8640	-3793.13	-3937.496	144.3652	0.8354789	0.9019704	0.3884454	5.729246
8646	-3796.131	-3941.72	145.5889	0.9352291	0.6673968	0.3615277	5.185838
8652	-3802.284	-3946.227	143.9428	0.8099912	0.6673968	0.5719159	5.956605
8658	-3804.255	-3948.575	144.3199	0.8060794	0.6673968	0.3591563	5.956605
8664	-3804.578	-3948.542	143.9641	0.8920619	0.8907273	0.3591563	5.956605
8670	-3805.428	-3949.511	144.0835	0.7912174	0.8450483	0.374933	5.956605
8676	-3793.395	-3937.088	143.6927	0.7532152	0.9489143	0.5241795	5.983401
8682	-3796.777	-3941.228	144.4514	0.8585245	0.9489143	0.3972455	5.63265
8688	-3799.476	-3944.235	144.7589	0.9117533	0.8152742	0.427605	5.483687
8694	-3803.165	-3948.087	144.9219	0.878834	0.8222038	0.4741381	5.362042
8700	-3801.942	-3946.161	144.2182	0.8013721	0.6809598	0.4797857	5.881422
8706	-3798.14	-3942.069	143.9293	0.7098101	0.803885	0.4797857	6.005382
8712	-3810.281	-3953.24	142.9584	0.855327	0.8830708	0.4797857	6.405351
8718	-3805.184	-3947.59	142.4063	0.7428308	0.8830708	0.3850145	6.858604
8724	-3803.549	-3946.885	143.3363	0.8082566	0.7679467	0.5334302	6.250135
8730	-3804.212	-3949.203	144.9904	0.8359673	0.7679467	0.3632432	5.497832
8736	-3802.102	-3947.523	145.4211	0.9164346	0.7679467	0.4473747	5.126823
8742	-3817.71	-3962.476	144.7659	0.8825713	0.7679467	0.4473747	5.507118
8748	-3809.493	-3953.302	143.8094	0.7840731	0.7679467	0.5118574	6.02459
8754	-3805.859	-3948.559	142.6998	0.9309534	1.052815	0.4883139	6.402298
8760	-3819.97	-3963.242	143.2725	0.7302249	0.8823744	0.3804525	6.402298
8766	-3819.22	-3964.51	145.2894	0.8885235	0.9611084	0.3804525	5.165555
8772	-3805.698	-3951.875	146.1771	0.9592554	0.7351082	0.3804525	4.775238
8778	-3808.37	-3954.112	145.7419	0.9090754	1.017095	0.4894518	4.760476
8784	-3813.563	-3959.163	145.5992	0.9766886	1.017095	0.3609693	4.935272
8790	-3807.515	-3953.045	145.5302	0.9289325	1.065229	0.3980407	4.933051
8796	-3806.36	-3951.35	144.9907	0.9906348	0.8711326	0.3492299	5.362599
8802	-3806.651	-3950.598	143.947	0.9579734	0.8711326	0.3492299	5.953013
8808	-3811.485	-3953.523	142.0385	0.830694	0.7937098	0.4698556	6.980074
8814	-3807.37	-3951.992	144.6224	0.9695715	0.8713433	0.4107683	5.509223
8820	-3808.134	-3954.299	146.165	0.9189766	0.9914759	0.4107683	4.610804
8826	-3812.925	-3957.035	144.1098	0.9317642	1.107079	0.4107683	5.680578
8832	-3807.494	-3951.253	143.7589	0.9169814	0.8691432	0.4139305	6.008898
8838	-3807.435	-3951.889	144.4541	0.9351533	0.8192576	0.4139305	5.649721
8844	-3811.049	-3955.005	143.9561	0.7812204	0.765375	0.4410464	6.013944
8850	-3809.223	-3953.277	144.0542	0.8059076	0.9863396	0.6106858	5.664211
8856	-3821.38	-3966.075	144.6952	0.8253941	1.137585	0.5335659	5.284979
8862	-3809.768	-3954.687	144.9189	0.9114027	1.100432	0.4650517	5.195412
8868	-3810.197	-3955.565	145.3683	0.8744209	0.7644224	0.5928884	5.0515
8874	-3808.286	-3953.27	144.9835	0.8999314	0.9483584	0.5928884	5.135966
8880	-3807.963	-3953.52	145.5563	0.8891465	0.8740936	0.5232465	4.927375
8886	-3795.567	-3939.586	144.0193	0.8311422	0.9013388	0.4980051	5.813239
8892	-3796.886	-3941.013	144.1271	0.7467355	0.9013388	0.4840534	5.813239
8898	-3805.799	-3949.991	144.1916	0.7985907	0.8614425	0.3823195	5.875388
8904	-3800.036	-3944.905	144.8686	0.7141823	0.8614425	0.4691596	5.462285
8910	-3801.138	-3945.129	143.9905	0.8736198	0.7521459	0.4691596	5.926532
8916	-3801.609	-3946.587	144.9778	0.8548333	0.7730731	0.4323137	5.417325
8922	-3818.829	-3964.078	145.2483	1.019066	0.8134607	0.4497699	5.133272
8928	-3809.04	-3953.899	144.8584	0.8185782	0.8146919	0.4497699	5.458499
8934	-3815.232	-3960.874	145.6419	1.122211	0.9128309	0.4635556	4.781844
8940	-3809.847	-3955.004	145.1574	0.849661	0.8507354	0.487176	5.217871
8946	-3798.595	-3943.394	144.7997	0.8590237	0.8507354	0.4030078	5.493337
8952	-3811.895	-3958.632	146.7371	0.9791746	0.7137091	0.3673999	4.480123
8958	-3798.513	-3944.516	146.0028	1.059774	0.8927894	0.5039178	4.588638
8964	-3797.351	-3943.662	146.3116	0.971165	0.7068298	0.5039178	4.588638
8970	-3809.672	-3955.682	146.01	1.012806	0.7068298	0.5629364	4.682028
8976	-3811.235	-3957.822	146.5875	0.9803468	0.9884043	0.513397	4.23853
8982	-3801.403	-3945.205	143.8025	0.7633126	0.7956754	0.4113725	6.117434
8988	-3807.286	-3951.431	144.1451	0.9676999	1.009008	0.4544898	5.649223
8994	-3816.4	-3960.729	144.3291	0.9164259	0.8023509	0.5076884	5.649223
9000	-3815.606	-3959.899	144.2926	1.064372	0.8475765	0.4143086	5.649223
9006	-3802.864	-3951.146	148.2819	1.207389	0.9013907	0.3396965	3.369965
9012	-3806.245	-3953.273	147.0279	1.217339	0.8173921	0.5459544	3.928456
9018	-3810.662	-3957.234	146.5719	1.110736	0.9304687	0.3471234	4.381008
9024	-3819.534	-3963.961	144.427	1.038965	0.6630107	0.3986395	5.730802
9030	-3812.221	-3958.603	146.3817	1.136253	0.9441996	0.4866844	4.317452
9036	-3808.063	-3955.065	147.002	0.9805048	0.8806275	0.4866844	4.092488
9042	-3805.651	-3952.667	147.0163	1.08447	0.8452036	0.4414729	4.092488
9048	-3806.285	-3953.229	146.9444	1.106207	0.6810813	0.4414729	4.235203
9054	-3808.769	-3955.883	147.1144	1.006601	0.6810813	0.4065661	4.231946
9060	-3806.832	-3951.508	144.6755	0.8638591	0.742626	0.5019394	5.532773
9066	-3806.003	-3948.904	142.9007	0.7476453	0.8221437	0.5019394	6.512036
9072	-3800.754	-3946.212	145.4577	0.8578069	0.6845548	0.5151686	5.13375
9078	-3806.75	-3952.606	145.856	0.9922592	0.8835788	0.5151686	4.704109
9084	-3799.608	-3943.404	143.7962	1.005389	0.8001741	0.5151686	5.887007
9090	-3802.88	-3946.426	143.5455	0.9655432	0.9106618	0.5453705	5.951682
9096	-3810.641	-3956.071	145.43	0.8334191	0.9106618	0.4669033	5.058578
9102	-3813.505	-3959.002	145.4966	0.9068404	0.9106618	0.3908391	5.058578
9108	-3806.012	-3949.275	143.2628	0.8213627	0.9780232	0.4742974	6.209134
9114	-3815.116	-3958.18	143.0647	0.7535659	0.9780232	0.4742974	6.353582
9120	-3823.397	-3968.945	145.5475	0.9338367	1.045002	0.4934108	4.83622
9126	-3821.647	-3967.375	145.7277	0.9615713	1.049169	0.4432631	4.766369
9132	-3808.289	-3953.727	145.4384	1.127574	1.091353	0.4201308	4.836438
9138	-3810.645	-3956.006	145.3617	0.9580439	0.8728055	0.4201308	5.096838
9144	-3812.834	-3957.672	144.8374	0.8368873	0.604991	0.4201308	5.638697
9150	-3798.049	-3943.251	145.2017	0.9012831	0.7538059	0.4201308	5.293605
9156	-3800.953	-3946.52	145.5672	0.9764305	0.8528109	0.4031775	5.002769
9162	-3812.358	-3957.007	144.6485	0.9252525	1.071522	0.4031775	5.414375
9168	-3807.164	-3951.584	144.4199	0.775047	1.130384	0.4031775	5.592593
9174	-3810.257	-3954.602	144.345	0.8836108	0.9564971	0.5054099	5.567278
9180	-3807.031	-3952.305	145.2736	0.9309774	1.061432	0.5054099	4.970487
9186	-3812.503	-3956.253	143.75	0.6545224	0.9048434	0.5054099	6.048017
9192	-3801.106	-3945.511	144.4045	0.85264	1.018665	0.4604022	5.559032
9198	-3803.463	-3946.75	143.2866	0.8078133	0.9023929	0.3411649	6.384788
9204	-3807.609	-3950.031	142.4219	0.8533703	0.9023929	0.3411649	6.827935
9210	-3802.678	-3945.55	142.872	0.7707258	0.9023929	0.3411649	6.629431
9216	-3801.279	-3944.363	143.0835	0.8201704	0.816188	0.3644624	6.514031
9222	-3800.465	-3944.18	143.7154	0.8798384	1.107209	0.3644624	5.974489
9228	-3806.834	-3950.928	144.0931	0.928335	0.9597655	0.3255861	5.865585
9234	-3783.154	-3927.352	144.1978	0.772216	0.8663545	0.3255861	5.948306
9240	-3797.564	-3941.026	143.462	0.6428376	0.8663545	0.4105048	6.324865
9246	-3802.909	-3947.294	144.3846	0.786854	0.8663545	0.4105048	5.743292
9252	-3801.407	-3947.086	145.6792	0.824436	0.821852	0.4105048	5.036828
9258	-3802.595	-3948.318	145.723	0.8659116	0.7334734	0.4142417	5.044731
9264	-3807.699	-3952.671	144.9716	0.9285801	0.6666527	0.3575143	5.535033
9270	-3799.524	-3944.854	145.3299	0.9200405	0.7700065	0.4713164	5.150682
9276	-3799.513	-3944.542	145.0287	0.9574991	0.9484586	0.4651871	5.191684
9282	-3811.005	-3953.829	142.8243	0.7147165	0.9484586	0.4651871	6.529957
9288	-3810.35	-3954.291	143.9407	0.7327138	0.8201638	0.4972574	5.960281
9294	-3817.776	-3961.47	143.6942	0.916164	0.8201638	0.4972574	5.994697
9300	-3824.032	-3969.859	145.8271	0.9979334	0.7210798	0.455643	4.880264
9306	-3812.677	-3957.907	145.2309	0.9470588	0.7646147	0.4233259	5.241601
9312	-3809.046	-3953.468	144.4223	0.9262765	0.9554901	0.4231548	5.580714
9318	-3810.087	-3954.449	144.3622	0.9879022	1.016762	0.4231548	5.545873
9324	-3811.628	-3955.587	143.9594	0.8408772	1.115656	0.4354036	5.783347
9330	-3796.209	-3940.199	143.9905	0.8753522	0.9038594	0.4551716	5.843393
9336	-3808.213	-3952.108	143.8943	0.8837218	0.9799062	0.4551716	5.847936
9342	-3794.764	-3939.175	144.4113	0.8270138	0.8554144	0.4551716	5.668628
9348	-3813.121	-3957.077	143.9558	0.8270138	0.8554144	0.5517797	5.830869
9354	-3804.122	-3948.896	144.7744	0.8565155	0.8554144	0.5517797	5.365198
9360	-3792.328	-3938.654	146.3261	0.995015	0.8554144	0.4359512	4.53263
9366	-3796.254	-3942.045	145.7914	0.995015	0.9709618	0.4564379	4.742391
9372	-3800.705	-3946.47	145.7654	1.024701	0.9846137	0.4465283	4.742391
9378	-3795.875	-3940.216	144.3413	0.8652501	0.9846137	0.4703147	5.596022
9384	-3801.054	-3946.807	145.7527	0.9152976	0.8565371	0.4393178	4.893825
9390	-3814.702	-3958.897	144.1955	0.9597987	0.7061352	0.3713898	5.899011
9396	-3815.83	-3961.436	145.6057	0.9659552	0.9420748	0.4690503	4.866615
9402	-3817.974	-3964.176	146.2019	0.9800805	0.9420748	0.3884418	4.608411
9408	-3810.019	-3956.183	146.1642	1.089132	0.8866055	0.6004153	4.401266
9414	-3816.901	-3962.616	145.7154	1.012579	0.8223649	0.5817579	4.752125
9420	-3806.805	-3952.749	145.9437	0.9978032	0.8580066	0.4277203	4.752125
9426	-3797.351	-3943.836	146.4856	1.108504	0.913784	0.4553788	4.323066
9432	-3793.705	-3940.181	146.4759	1.027739	0.913784	0.5812434	4.259134
9438	-3785.866	-3932.382	146.5155	1.03362	0.913784	0.3951051	4.411467
9444	-3789.955	-3935.749	145.7933	0.9554408	0.913784	0.3951051	4.860055
9450	-3790.961	-3936.505	145.5443	1.022657	0.9359843	0.3861905	4.957899
9456	-3799.029	-3943.687	144.6578	0.9750683	1.226914	0.3861905	5.322776
9462	-3803.733	-3949.087	145.3536	0.9750683	0.8509927	0.4205072	5.105028
9468	-3800.599	-3945.621	145.0211	0.9196612	0.8509927	0.4205072	5.319566
9474	-3811.114	-3956.33	145.2154	0.9142753	0.8509927	0.4205072	5.215163
9480	-3802.475	-3946.85	144.3751	0.8255586	0.7949649	0.4291739	5.753144
9486	-3801.701	-3946.796	145.0953	0.9077605	0.8464645	0.4291739	5.279118
9492	-3802.478	-3947.263	144.785	0.8257827	0.8464645	0.5137745	5.415
9498	-3805.176	-3951.605	146.429	0.9629962	0.9304168	0.4499193	4.432637
9504	-3801.076	-3947.84	146.7643	1.047216	0.7340299	0.4591814	4.314009
9510	-3801.133	-3946.854	145.7216	1.071289	1.00997	0.5008121	4.674463
9516	-3817.266	-3962.349	145.0837	1.005057	1.29904	0.5359601	4.890676
9522	-3816.964	-3959.582	142.6182	0.8616151	0.9244635	0.5201616	6.525902
9528	-3808.319	-3952.485	144.1655	0.7486336	0.9244635	0.441636	5.818148
9534	-3815.223	-3959.055	143.8317	0.8834024	0.9916031	0.441636	5.88904
9540	-3823.484	-3966.885	143.4007	0.8436793	0.9461635	0.5540806	6.069276
9546	-3811.227	-3955.017	143.7909	0.7871018	0.9401891	0.3682713	6.069276
9552	-3817.99	-3959.63	141.6399	0.7681183	0.7616983	0.5184213	7.205335
9558	-3809.965	-3953.975	144.0104	0.77574	0.8655789	0.4079296	5.957137
9564	-3810.933	-3955.1	144.1668	0.9084166	0.9094535	0.3732068	5.810098
9570	-3807.755	-3951.624	143.869	0.7469288	1.004208	0.3732068	6.007467
9576	-3814.632	-3957.478	142.846	0.8727662	0.8782674	0.6077132	6.35124
9582	-3802.004	-3946.313	144.3087	0.8766095	1.009554	0.41248	5.651251
9588	-3811.891	-3955.639	143.748	0.7583182	1.009554	0.5263695	5.914889
9594	-3807.278	-3951.567	144.2887	0.7236584	0.8284247	0.3543321	5.914889
9600	-3814.798	-3957.105	142.3073	0.7412574	1.000405	0.3787418	6.853364
9606	-3814.778	-3960.638	145.86	0.9208281	0.7009189	0.5180381	4.860695
9612	-3801.353	-3947.958	146.6045	0.9470374	0.7009189	0.3755294	4.572757
9618	-3814.689	-3963.168	148.4794	1.217494	0.835987	0.432086	3.182417
9624	-3816.963	-3965.542	148.5787	1.301699	0.8160575	0.3838957	3.141565
9630	-3820.553	-3968.831	148.2781	1.200778	0.8160575	0.5161889	3.239596
9636	-3809.058	-3956.228	147.1698	1.148913	0.8160575	0.4472591	3.981263
9642	-3805.894	-3952.061	146.1668	0.9182827	0.739719	0.3732861	4.808685
9648	-3808.491	-3954.768	146.2777	1.053195	0.7347757	0.2583412	4.820298
9654	-3806.12	-3952.993	146.8722	1.140654	0.902123	0.4625503	4.085383
9660	-3802.701	-3947.858	145.1573	1.139157	1.063762	0.3994435	5.022769
9666	-3802.73	-3948.224	145.4943	1.049283	0.8994252	0.3994435	4.978167
9672	-3819.864	-3964.01	144.1458	0.9298702	0.8994252	0.3894544	5.798089
9678	-3797.892	-3943.584	145.6927	0.9333076	0.6863795	0.4086109	5.063715
9684	-3815.619	-3962.568	146.9494	1.063972	0.6764549	0.4838444	4.217846
9690	-3821.946	-3969.233	147.2872	1.114566	0.9272853	0.3280696	3.99796
9696	-3807.103	-3953.3	146.1975	0.9938615	0.6526784	0.4789111	4.703614
9702	-3816.03	-3961.021	144.9904	0.9816847	1.117661	0.3465027	5.233786
9708	-3807.881	-3951.791	143.9096	0.9102677	0.9215085	0.3465027	5.972782
9714	-3818.43	-3963.361	144.9309	0.8217405	0.8657224	0.4652744	5.369752
9720	-3804.909	-3948.277	143.3682	0.7820005	1.01953	0.4652744	6.159086
9726	-3812.566	-3956.527	143.9611	0.7923732	0.9829588	0.4652744	5.849978
9732	-3807.12	-3950.644	143.5237	0.7500919	1.106974	0.5365849	5.981998
9738	-3816.272	-3959.93	143.6578	0.8584194	1.119395	0.5733267	5.812457
9744	-3801.676	-3945.392	143.7164	0.8893896	0.7786655	0.4861071	6.034062
9750	-3798.724	-3943.979	145.255	0.9184581	0.8724131	0.4861071	5.113342
9756	-3794.441	-3938.803	144.3627	0.9097591	0.8851028	0.4698476	5.617776
9762	-3795.347	-3939.682	144.3352	0.9003025	0.9192931	0.4698476	5.617776
9768	-3799.285	-3943.735	144.4499	0.8655535	0.9192931	0.5161972	5.53135
9774	-3799.742	-3944.509	144.7675	0.9793053	0.9168755	0.5989035	5.225081
9780	-3801.749	-3946.286	144.5366	0.8869938	0.9617646	0.3644598	5.598829
9786	-3806.434	-3950.654	144.2197	0.7711695	0.7994562	0.3644598	5.93361
9792	-3803.163	-3948.4	145.2371	0.8983955	0.822511	0.4500065	5.200268
9798	-3794.5	-3939.472	144.9721	0.8496717	0.8113568	0.4500065	5.380641
9804	-3797.45	-3942.039	144.5893	0.8629138	0.8214061	0.5607814	5.477412
9810	-3803.521	-3947.988	144.4671	0.861806	0.816813	0.4005789	5.698318
9816	-3794.542	-3939.192	144.65	0.9198868	0.8454006	0.4312334	5.516422
9822	-3798.931	-3942.257	143.3265	0.7855554	0.9395313	0.4567557	6.232128
9828	-3803.579	-3948.842	145.2629	0.9053795	0.8000084	0.4567557	5.190052
9834	-3808.718	-3952.225	143.5065	0.8796268	0.8000084	0.4089846	6.214858
9840	-3806.852	-3951.891	145.0391	0.9576315	0.8000084	0.4485752	5.292873
9846	-3801.093	-3946.116	145.0228	0.9034301	0.7669294	0.5133635	5.292873
9852	-3796.632	-3942.861	146.2284	1.141535	0.8880671	0.4002366	4.522416
9858	-3797.297	-3942.257	144.9602	0.9264958	0.8096556	0.3605638	5.440302
9864	-3802.16	-3945.704	143.5443	0.8191656	0.8096556	0.4510713	6.179026
9870	-3812.297	-3957.548	145.2517	0.9312771	0.7039287	0.4895621	5.21642
9876	-3811.056	-3956.601	145.5445	0.9688134	0.7280538	0.4895621	5.016227
9882	-3799.894	-3944.048	144.1545	0.8939876	1.009365	0.5043966	5.637665
9888	-3808.238	-3952.606	144.368	0.8646832	0.9938742	0.5352373	5.517767
9894	-3803.098	-3948.678	145.5798	0.8969676	0.9938742	0.4769714	4.882353
9900	-3799.25	-3945.167	145.9169	1.023794	0.6875578	0.3521096	4.950696
9906	-3798.428	-3944.393	145.965	0.8987644	0.7515519	0.4007049	4.893753
9912	-3808.922	-3954.188	145.2661	0.9626305	0.8627187	0.5900313	4.997951
9918	-3797.839	-3942.565	144.7255	0.9737858	0.8518663	0.5551085	5.3269
9924	-3795.106	-3939.485	144.3793	0.7207549	1.059118	0.5551085	5.538464
9930	-3806.258	-3951.454	145.1959	0.9706501	1.008045	0.3391638	5.192832
9936	-3800.578	-3945.457	144.8795	0.8623074	0.9878255	0.3391638	5.438464
9942	-3812.788	-3957.089	144.3003	0.8861802	1.124489	0.3368607	5.674188
9948	-3817.526	-3962.049	144.5234	0.9649117	1.040819	0.5161696	5.368245
9954	-3811.124	-3955.679	144.5551	0.9596352	1.040819	0.5161696	5.353692
9960	-3808.807	-3952.406	143.5995	0.8711382	0.8209226	0.4394318	6.124931
9966	-3809.375	-3953.492	144.1168	0.8804565	0.9171833	0.4394318	5.779081
9972	-3792.537	-3936.099	143.5619	0.8040524	0.9171833	0.4394318	6.123698
9978	-3793.661	-3937.003	143.3414	0.756302	0.6596404	0.3977612	6.479431
9984	-3792.755	-3935.843	143.0883	0.813142	0.6596404	0.3890913	6.594872
9990	-3796.379	-3941.566	145.1868	0.9204794	0.7721356	0.3890913	5.31164
9996	-3804.296	-3947.409	143.1134	0.8206616	0.8017909	0.3890913	6.479966
10002	-3810.639	-3954.981	144.3423	0.9313381	0.8338822	0.3890913	5.730036
10008	-3799.084	-3944.033	144.949	0.8842755	0.8338822	0.5187673	5.295753
10014	-3802.095	-3946.739	144.6439	0.835851	0.6763149	0.3981226	5.714001
10020	-3799.641	-3944.454	144.8125	0.9725306	0.8513512	0.3903084	5.436966
10026	-3794.01	-3939.871	145.8609	0.9701058	0.856829	0.3903084	4.854234
10032	-3804.414	-3948.911	144.4973	0.7968144	1.002295	0.3903084	5.618908
10038	-3795.414	-3941.204	145.79	0.9211191	0.8337556	0.3903084	4.935547
10044	-3801.352	-3945.988	144.6364	0.7543133	0.8337556	0.3973353	5.657108
10050	-3791.65	-3936.634	144.9846	0.9354675	0.9774812	0.4813252	5.19643
10056	-3802.991	-3946.938	143.9464	0.7888375	1.148557	0.4263347	5.811622
10062	-3801.44	-3945.654	144.2144	0.7978611	1.006336	0.4295904	5.730395
10068	-3803.289	-3947.925	144.6359	0.8556377	0.8767153	0.4951711	5.478868
10074	-3808.266	-3952.899	144.6334	0.9166901	0.824846	0.4951711	5.478868
10080	-3803.082	-3948.347	145.2654	0.9143345	0.9232578	0.4951711	5.070905
10086	-3812.224	-3955.543	143.3188	0.8734898	0.9232578	0.5551942	6.109857
10092	-3805.467	-3950.749	145.2821	0.9199432	1.000041	0.3706813	5.14121
10098	-3808.934	-3954.144	145.2098	0.9777798	1.117851	0.3115385	5.156959
10104	-3807.363	-3952.426	145.0628	1.029796	1.136826	0.2994132	5.215367
10110	-3806.693	-3950.71	144.0165	0.9761135	0.8680981	0.5741596	5.689628
10116	-3797.578	-3943.297	145.7193	0.9885381	0.9155309	0.4215634	4.853776
10122	-3796.506	-3942.44	145.9341	1.006029	0.9093246	0.4427382	4.706159
10128	-3794.611	-3939.651	145.0404	0.940694	0.9093246	0.4413003	5.240791
10134	-3799.713	-3944.297	144.5844	0.8923136	0.9093246	0.4372733	5.52283
10140	-3799.408	-3943.273	143.8649	0.8182489	1.028741	0.4372733	5.890674
10146	-3802.065	-3945.347	143.2827	0.8266233	0.8875383	0.4744456	6.247142
10152	-3806.739	-3950.584	143.8445	0.8934272	0.8875383	0.5029161	5.878503
10158	-3805.526	-3947.61	142.0842	0.8711911	0.8875383	0.4058739	6.938567
10164	-3798.906	-3942.226	143.3196	0.8165007	0.8648988	0.4234419	6.295579
10170	-3802.29	-3946.159	143.8698	0.7918237	0.8138611	0.4036591	6.061608
10176	-3804.315	-3948.038	143.7228	0.8791989	0.8272562	0.3268903	6.171374
10182	-3788.632	-3933.431	144.7984	0.8571287	0.8650796	0.4349776	5.453334
10188	-3798.278	-3943.479	145.2014	0.8361122	0.9812067	0.4759044	5.134455
10194	-3804.171	-3948.656	144.4847	0.9032267	0.9226499	0.4759044	5.526375
10200	-3808.565	-3951.9	143.3351	0.8157986	1.000099	0.5161762	6.122759
10206	-3807.136	-3950.758	143.6215	0.6937666	0.8455267	0.5161762	6.122759
10212	-3825.805	-3969.255	143.4507	0.9208645	0.9560123	0.5161357	6.027022
10218	-3814.377	-3959.001	144.6237	0.8406416	0.9573994	0.3764578	5.565554
10224	-3797.576	-3941.407	143.8305	0.8833789	0.9015731	0.4277363	5.954784
10230	-3823.413	-3968.665	145.2516	0.8588951	0.7106979	0.5799776	5.172698
10236	-3814.498	-3959.158	144.6607	0.8311862	0.7106979	0.3827557	5.699163
10242	-3815.359	-3960.406	145.0469	0.8164752	1.27237	0.3822828	5.178453
10248	-3822.399	-3966.31	143.911	0.9114554	1.27237	0.3822828	5.751375
10254	-3811.818	-3955.226	143.4078	0.8113988	1.044434	0.4368614	6.135745
10260	-3808.655	-3952.486	143.8315	0.8174941	0.788083	0.4791115	6.010806
10266	-3803.698	-3948.492	144.794	0.9095584	0.7704358	0.4798645	5.443997
10272	-3794.333	-3939.828	145.4943	0.9126419	0.8626009	0.4415208	5.033003
10278	-3806.976	-3951.474	144.4984	0.7934552	1.11024	0.4415208	5.510316
10284	-3811.029	-3954.087	143.0578	0.71943	1.11024	0.4415208	6.337582
10290	-3804.886	-3948.867	143.9813	0.7558713	0.9547064	0.5241493	5.821047
10296	-3807.356	-3950.219	142.8632	0.8814912	0.9547064	0.3353483	6.551157
10302	-3794.402	-3939.484	145.0819	0.9024176	0.8463075	0.4554418	5.263423
10308	-3786.729	-3931.839	145.1103	0.9202756	0.8463075	0.4297614	5.263423
10314	-3800.262	-3945.283	145.0206	1.029113	0.8131356	0.5570751	5.156057
10320	-3796.919	-3943.741	146.8213	0.8874966	0.7948352	0.4309949	4.358713
10326	-3791.889	-3936.375	144.4864	0.9267346	0.7948352	0.54176	5.532171
10332	-3796.523	-3940.442	143.9191	0.8438483	0.7948352	0.59943	5.840935
10338	-3795.637	-3940.674	145.0368	0.9722004	0.8677782	0.427328	5.264498
10344	-3803.883	-3949.196	145.3128	0.9997941	0.7526511	0.3421822	5.264498
10350	-3805.496	-3951.135	145.6385	1.009081	0.6250582	0.5315935	4.97999
10356	-3804.818	-3948.399	143.5813	0.8547981	1.030595	0.5315935	5.937397
10362	-3803.845	-3946.85	143.0051	0.7367838	0.9125524	0.4887032	6.418797
10368	-3796.691	-3941.398	144.7073	0.8500949	0.8612142	0.5067802	5.441565
10374	-3798.97	-3943.132	144.1621	0.7141749	0.9477714	0.5067802	5.764261
10380	-3814.502	-3959.013	144.5103	0.8094469	0.9761722	0.434687	5.573247
10386	-3813.771	-3958.333	144.562	0.8454631	0.8928201	0.434687	5.573247
10392	-3806.507	-3951.445	144.9379	1.041099	0.9779588	0.5002532	5.14602
10398	-3809.139	-3954.078	144.9381	0.960627	0.7520367	0.5002532	5.329994
10404	-3804.676	-3950.697	146.0218	0.9834439	0.868722	0.5002532	4.639053
10410	-3803.428	-3949.389	145.9607	0.9842641	0.868722	0.5376441	4.639053
10416	-3810.601	-3956.266	145.6654	0.8735132	1.092236	0.4183183	4.85297
10422	-3803.46	-3948.469	145.0094	0.9332158	0.9245661	0.5573727	5.146547
10428	-3801.784	-3946.871	145.0873	0.9332158	0.6811269	0.4881397	5.323984
10434	-3802.659	-3945.459	142.8004	0.8206563	0.8784944	0.3207261	6.679427
10440	-3805.887	-3950.142	144.2552	0.8325387	0.8784944	0.4622908	5.730226
10446	-3794.682	-3937.261	142.5794	0.7642501	0.832775	0.4708054	6.698669
10452	-3802.202	-3947.041	144.8389	0.8320955	0.8282167	0.4708054	5.432887
10458	-3805.742	-3949.678	143.9362	0.8607428	0.9187457	0.5900247	5.753695
10464	-3802.249	-3947.201	144.9516	0.9198115	0.9187457	0.648088	5.116501
10470	-3817.861	-3962.915	145.0542	0.7805345	0.8916333	0.6814434	5.128043
10476	-3813.111	-3956.94	143.8294	0.8983654	0.9912702	0.663819	5.693488
10482	-3810.836	-3953.975	143.1398	0.7927215	0.9912702	0.4687895	6.289412
10488	-3802.079	-3946.973	144.8942	0.9718071	0.9912702	0.4244313	5.274343
10494	-3811.907	-3956.297	144.3898	0.9680443	0.9313865	0.3625143	5.654448
10500	-3813.79	-3958.143	144.3532	1.004683	0.9313865	0.3625143	5.654448
10506	-3808.675	-3953.288	144.613	0.7895516	1.074994	0.4293717	5.479744
10512	-3813.109	-3957.901	144.7917	1.041863	0.9946259	0.3940065	5.322248
10518	-3806.29	-3951.638	145.3488	0.8850103	0.8465918	0.3885667	5.194124
10524	-3810.733	-3956.572	145.8381	0.9355352	0.7945018	0.5577435	4.765108
10530	-3807.428	-3951.619	144.1906	0.9190848	0.9562558	0.4727625	5.662774
10536	-3815.18	-3958.283	143.1034	0.67757	0.9562558	0.5494545	6.319527
10542	-3806.4	-3950.981	144.581	0.876224	1.172964	0.5053945	5.32749
10548	-3795.066	-3940.768	145.7028	0.9438287	0.8626981	0.5053945	4.83851
10554	-3802.964	-3948.252	145.2879	0.9179243	0.8626981	0.4127242	5.173876
10560	-3809.045	-3953.066	144.0205	0.8001772	0.9469502	0.4959757	5.804888
10566	-3801.158	-3946.24	145.0825	0.8348759	0.9469502	0.4288469	5.266543
10572	-3811.006	-3955.615	144.6093	1.067488	0.9620624	0.4253005	5.39423
10578	-3813.418	-3959.743	146.3258	1.096386	0.7608602	0.3628655	4.617387
10584	-3814.422	-3960.539	146.1167	1.168471	0.9316349	0.4634177	4.478691
10590	-3802.146	-3946.036	143.8899	0.8455868	0.9316349	0.5375278	5.823535
10596	-3812.601	-3956.782	144.1807	0.8312985	0.7385311	0.5032587	5.823535
10602	-3819.46	-3963.398	143.9375	0.7356655	0.7929199	0.3819953	6.091739
10608	-3810.958	-3954.538	143.58	0.7356655	0.9647662	0.3590845	6.208475
10614	-3807.616	-3950.965	143.3483	0.8906628	0.9895594	0.3590845	6.236458
10620	-3805.403	-3951.161	145.7579	0.9248139	0.8555843	0.3635704	4.967414
10626	-3808.03	-3952.041	144.0112	0.9165667	0.8973185	0.5297305	5.745136
10632	-3801.389	-3945.568	144.1786	0.8799075	0.8973185	0.4590468	5.738118
10638	-3796.274	-3940.762	144.4883	0.7959496	0.7874453	0.4590468	5.682883
10644	-3802.631	-3945.439	142.8085	0.7146237	0.9251402	0.3634535	6.655638
10650	-3799.676	-3943.602	143.9259	0.7656206	0.8791363	0.399949	6.008878
10656	-3810.999	-3956.263	145.2637	0.9178484	0.895004	0.3550547	5.230852
10662	-3805.179	-3950.065	144.8867	0.9178484	0.895004	0.4734896	5.315576
10668	-3795.344	-3940.409	145.0652	1.078575	0.895004	0.3118971	5.303661
10674	-3806.571	-3952.598	146.0269	0.965038	0.720997	0.3810498	4.865092
10680	-3813.243	-3957.987	144.7433	0.859609	0.8715425	0.4151948	5.498472
10686	-3810.358	-3955.329	144.9713	0.8995892	0.8715425	0.4151948	5.350879
10692	-3814.731	-3957.659	142.9278	0.8899312	1.168374	0.4151948	6.313292
10698	-3803.912	-3948.576	144.6642	0.8531612	0.9168928	0.4151948	5.51841
10704	-3806.825	-3950.431	143.6061	0.7691982	0.9678222	0.3780887	6.153242
10710	-3798.409	-3941.865	143.4564	0.8568223	0.9678222	0.4844865	6.080695
10716	-3793.809	-3937.986	144.1766	0.7734379	0.8090232	0.4844865	5.827931
10722	-3807.256	-3951.136	143.8806	0.8213757	0.7817229	0.4844865	5.981076
10728	-3807.685	-3951.253	143.5682	0.8753114	0.8528785	0.4844865	6.076899
10734	-3797.54	-3943.162	145.6214	0.9511928	0.8528785	0.4648952	4.924006
10740	-3795.774	-3939.968	144.1937	0.8030278	0.7744092	0.4386449	5.868714
10746	-3791.796	-3935.922	144.1267	0.8959096	0.8043119	0.4055432	5.868714
10752	-3793.659	-3937.345	143.6863	0.8019402	0.940302	0.3876148	6.096987
10758	-3802.205	-3946.166	143.9613	0.9020925	0.940302	0.5878796	5.706579
10764	-3802.943	-3947.467	144.5234	0.9265057	1.018735	0.6415599	5.297926
10770	-3796.82	-3943.458	146.6382	0.9244208	1.018735	0.4793682	4.256374
10776	-3796.687	-3940.153	143.4653	0.7810777	1.195608	0.4793682	6.004523
10782	-3795.305	-3941.487	146.1824	1.023613	0.8397584	0.4201498	4.623512
10788	-3799.693	-3946.003	146.3104	1.023613	0.8104062	0.4201498	4.570689
10794	-3805.308	-3950.271	144.9638	0.8510927	0.8104062	0.4438692	5.391088
10800	-3808.093	-3952.655	144.5623	0.8612727	0.8145359	0.4438692	5.603691
10806	-3814.715	-3958.522	143.8073	0.8602326	1.104621	0.4438692	5.853148
10812	-3812.362	-3954.705	142.3431	0.7606005	0.8148283	0.4180994	6.890434
10818	-3807.204	-3950.174	142.9696	0.846421	0.8311098	0.3247187	6.597985
10824	-3808.007	-3952.535	144.5279	0.9082343	0.8951263	0.4396836	5.551153
10830	-3805.323	-3948.119	142.7958	0.7288415	0.9465786	0.4727237	6.531761
10836	-3806.668	-3951.604	144.9361	0.8014102	0.9544716	0.4727237	5.318495
10842	-3805.709	-3950.069	144.36	0.8230093	0.8053451	0.5933763	5.608853
10848	-3804.031	-3948.183	144.1525	0.8649824	0.9361086	0.5149464	5.686288
10854	-3800.534	-3944.489	143.9554	0.7727822	0.9361086	0.3801312	5.976642
10860	-3803.991	-3947.711	143.7194	0.8091334	1.01016	0.4458368	5.976642
10866	-3802.403	-3947.72	145.3174	0.9198285	0.7276686	0.3843941	5.275419
10872	-3802.73	-3948.151	145.4207	0.9180811	0.6708689	0.3706342	5.275419
10878	-3810.958	-3954.848	143.8894	0.880962	0.9076026	0.4431271	5.905079
10884	-3820.051	-3963.469	143.4179	0.8015223	0.9796762	0.3511738	6.261451
10890	-3805.487	-3949.376	143.8896	0.90907	0.8414626	0.4162324	5.956527
10896	-3797.504	-3942.377	144.8733	0.9382225	1.012096	0.3928244	5.326064
10902	-3811.788	-3955.647	143.8593	0.7497933	0.9152337	0.4529715	5.979063
10908	-3807.855	-3953.736	145.8807	0.9344658	0.9152337	0.5082303	4.709762
10914	-3801.232	-3946.542	145.3101	0.8951105	0.9302688	0.4657984	5.08033
10920	-3807.801	-3953.574	145.7727	0.8678384	0.8361887	0.416532	4.945294
10926	-3819.111	-3964.118	145.0069	1.004089	1.126818	0.3678952	5.183026
10932	-3812.616	-3958.168	145.5514	0.8746572	1.075438	0.3355611	5.017065
10938	-3816.768	-3961.97	145.202	0.8650939	1.075001	0.4825551	5.060783
10944	-3800.132	-3943.436	143.3036	0.7264897	1.155075	0.4658853	6.154543
10950	-3805.925	-3947.769	141.8435	0.7233084	1.106038	0.4634007	6.973135
10956	-3807.077	-3949.896	142.8189	0.7026391	1.106038	0.3577827	6.56597
10962	-3812.658	-3958.525	145.867	1.00438	0.8873819	0.4687908	4.732234
10968	-3809.878	-3953.689	143.8115	0.8102405	0.899329	0.4687908	5.966424
10974	-3815.41	-3961.295	145.8853	1.027902	0.9007481	0.5169553	4.655638
10980	-3810.691	-3956.324	145.6328	0.996272	0.758047	0.5587915	4.869425
10986	-3817.042	-3962.537	145.4946	0.9025838	0.7194086	0.3339125	5.250627
10992	-3811.239	-3954.922	143.6834	0.8301958	0.9526659	0.4725439	5.991034
10998	-3803.989	-3948.533	144.5436	0.8402263	0.913608	0.3935668	5.616467
11004	-3807.203	-3951.558	144.3554	0.8438888	0.7903519	0.4381365	5.747964
11010	-3814.7	-3958.265	143.5654	0.8334716	0.7591803	0.3117338	6.34415
11016	-3822.978	-3966.41	143.4323	0.7728678	0.9923433	0.3843295	6.225492
11022	-3814.573	-3958.373	143.8003	0.7449875	0.9051378	0.4952416	5.980224
11028	-3808.701	-3953.668	144.9666	0.8222585	0.8820134	0.4294873	5.375097
11034	-3799.355	-3944.703	145.3483	0.8795166	0.7840976	0.3824013	5.244406
11040	-3809.048	-3953.053	144.0053	0.8755427	0.8851972	0.4606159	5.841062
11046	-3800.619	-3945.167	144.5484	0.8456653	1.051546	0.4481248	5.478046
11052	-3799.9	-3943.377	143.4769	0.7985782	0.9548296	0.4481248	6.142871
11058	-3806.191	-3950.601	144.4101	0.8911254	1.329718	0.3502747	5.498759
11064	-3802.228	-3947.506	145.278	1.05507	0.9158981	0.4550826	5.028273
11070	-3818.917	-3963.297	144.38	0.9410461	1.023857	0.4622911	5.519291
11076	-3820.52	-3962.556	142.0362	0.9951283	1.09006	0.4132537	6.779715
11082	-3803.739	-3948.865	145.1259	0.9558671	0.9115673	0.355198	5.275954
11088	-3804.497	-3948.93	144.4327	0.9461925	0.9115673	0.355198	5.662806
11094	-3802.851	-3948.018	145.1679	0.9196061	0.9678734	0.355198	5.240177
11100	-3807.782	-3952.948	145.1663	0.9217971	0.9678734	0.3549502	5.240177
11106	-3805.093	-3948.975	143.8823	0.9096821	0.7224651	0.4057346	6.049009
11112	-3811.803	-3956.473	144.67	0.9054003	0.7343393	0.4714691	5.546901
11118	-3808.687	-3952.698	144.0107	0.844508	0.9874187	0.4714691	5.785983
11124	-3821.109	-3963.98	142.8715	0.9037283	1.158541	0.4714691	6.286162
11130	-3822.981	-3965.285	142.304	0.8512858	1.158541	0.5701378	6.536268
11136	-3816.514	-3959.711	143.1977	0.8399949	0.9359712	0.3770349	6.355803
11142	-3803.751	-3949.186	145.4344	0.8653575	0.8749721	0.3415253	5.193456
11148	-3797.864	-3943.255	145.3911	0.9912627	0.8025624	0.3415253	5.193456
11154	-3804.35	-3948.945	144.5952	0.8663961	0.8025624	0.3244986	5.72072
11160	-3796.132	-3940.171	144.0394	0.892658	0.8025624	0.4856251	5.840819
11166	-3796.252	-3941.768	145.5161	0.9911459	0.7276421	0.6035472	4.921281
11172	-3812.734	-3957.676	144.9422	1.033433	0.7276421	0.6035472	5.216197
11178	-3803.295	-3949.411	146.116	1.059889	0.9067052	0.5751316	4.453685
11184	-3813.331	-3957.768	144.4375	1.040725	0.9067052	0.5751316	5.398717
11190	-3817.718	-3962.15	144.4324	0.985525	0.9067052	0.5158183	5.482739
11196	-3803.768	-3949.901	146.1327	0.9119507	0.7482074	0.4527828	4.741471
11202	-3804.765	-3949.418	144.6529	0.8919751	0.8518503	0.4494605	5.508029
11208	-3800.564	-3945.813	145.2492	0.9177393	1.004395	0.4494605	5.075326
11214	-3816.299	-3960.052	143.7526	1.054185	0.7612583	0.4494605	5.970585
11220	-3813.918	-3958	144.0821	1.026699	1.14952	0.4675496	5.565978
11226	-3827.439	-3972.588	145.1496	0.9249008	0.7733529	0.5177354	5.202712
11232	-3813.654	-3958.222	144.5681	0.8330326	0.7579741	0.4533895	5.643777
11238	-3814.97	-3959.663	144.6929	1.063838	0.9427625	0.57736	5.222063
11244	-3811.418	-3956.268	144.8501	0.9272033	0.940821	0.4932932	5.285138
11250	-3824.678	-3968.523	143.845	0.7979497	0.940821	0.4932932	5.908009
11256	-3818.602	-3963.428	144.8258	0.8591663	0.7046754	0.4124195	5.565954
11262	-3822.628	-3967.296	144.6681	0.9196696	0.723673	0.4522652	5.565954
11268	-3809.651	-3954.367	144.7155	0.9513836	0.9086275	0.3793755	5.479224
11274	-3807.521	-3951.828	144.307	0.8714919	0.9086275	0.5303436	5.600413
11280	-3803.526	-3946.561	143.0356	0.7689818	0.7776547	0.3579328	6.599667
11286	-3803.183	-3947.339	144.1555	0.8939022	0.7776547	0.3579328	5.923162
11292	-3804.778	-3951.715	146.9377	0.979966	0.7927279	0.4390839	4.233564
11298	-3805.78	-3951.33	145.5497	0.9874321	0.868624	0.3958813	5.004371
11304	-3813.317	-3958.97	145.6531	1.037495	1.095382	0.3958813	4.790534
11310	-3805.498	-3951.22	145.7226	0.8758905	1.095382	0.4453083	4.790534
11316	-3806.295	-3951.886	145.5909	1.120898	1.143299	0.4480868	4.699832
11322	-3806.277	-3951.611	145.334	1.110437	1.469612	0.4480868	4.699832
11328	-3809.085	-3955.081	145.9968	0.9619892	1.469612	0.4168361	4.443114
11334	-3803.46	-3948.621	145.1614	0.7541755	0.8690349	0.4168361	5.326078
11340	-3793.922	-3938.204	144.282	0.8966151	0.8690349	0.4134985	5.734639
11346	-3797.583	-3943.12	145.5376	0.9029704	0.7999856	0.412111	5.08433
11352	-3795.793	-3940.212	144.4195	0.8612663	1.089689	0.412111	5.556798
11358	-3801.641	-3945.889	144.2481	0.799639	1.126722	0.5268487	5.556798
11364	-3798.604	-3943.304	144.6999	0.8923685	0.7884324	0.4226145	5.549244
11370	-3792.858	-3938.836	145.9779	0.9973904	0.8806245	0.4226145	4.724497
11376	-3794.766	-3940.547	145.7809	0.9433342	0.9501014	0.5254285	4.724497
11382	-3799.293	-3943.911	144.6182	0.8433044	0.8257125	0.5254285	5.499918
11388	-3800.655	-3943.391	142.7362	0.7820453	0.8257125	0.3190472	6.76912
11394	-3816.619	-3961.763	145.1441	0.9397919	0.7920999	0.3190472	5.392262
11400	-3800.207	-3945.632	145.4248	0.8592869	0.7920999	0.3160807	5.285493
11406	-3800.537	-3945.148	144.6103	0.9320535	0.7920999	0.4018731	5.59578
11412	-3801.317	-3944.428	143.111	0.8200409	0.7497623	0.4228692	6.480674
11418	-3809.599	-3953.6	144.001	0.8494623	1.0077	0.4486097	5.799382
11424	-3809.568	-3953.122	143.5541	0.7513118	0.8284052	0.4836053	6.168094
11430	-3812.565	-3955.911	143.3455	0.8000901	1.063277	0.3776485	6.227356
11436	-3821.975	-3966.739	144.764	0.8171628	1.054324	0.3647602	5.461282
11442	-3814.049	-3958.577	144.5283	0.8181913	1.268518	0.388843	5.458298
11448	-3817.576	-3961.941	144.3644	0.9483041	1.268518	0.388843	5.476932
11454	-3803.317	-3947.332	144.015	0.8632293	0.9581502	0.5268601	5.739523
11460	-3803.729	-3948.239	144.5105	0.8546876	0.9285526	0.5007681	5.512477
11466	-3802.401	-3945.624	143.2228	0.8677418	0.9462696	0.4437341	6.252596
11472	-3802.67	-3947.663	144.9929	0.9269073	0.9462696	0.4546966	5.239845
11478	-3802.583	-3946.15	143.5673	0.791952	0.8714707	0.4546966	6.139534
11484	-3798.074	-3943.083	145.0091	0.864902	1.048674	0.4247185	5.238346
11490	-3803.445	-3949.008	145.5627	0.8997414	1.048674	0.3645677	4.977144
11496	-3814.135	-3959.667	145.5319	0.9231087	1.030408	0.3645677	4.991086
11502	-3807.951	-3952.479	144.5289	0.955026	1.044016	0.3645677	5.520428
11508	-3806.421	-3950.662	144.24	0.8711947	0.940396	0.5308217	5.618435
11514	-3795.477	-3939.008	143.5315	0.8430069	0.940396	0.5308217	6.021453
11520	-3814.212	-3959.773	145.5607	0.99733	0.8498696	0.4538424	4.944781
11526	-3826.508	-3972.158	145.6498	0.8898398	1.014062	0.3424555	4.978744
11532	-3816.739	-3960.993	144.254	0.7175668	1.014062	0.3572535	5.825741
11538	-3808.647	-3954.031	145.3839	0.8731649	0.907279	0.3353618	5.204911
11544	-3808.232	-3952.132	143.8994	0.7741131	1.147696	0.5194926	5.758079
11550	-3810.629	-3956.473	145.8437	1.014703	0.8192053	0.5194926	4.735078
11556	-3822.123	-3966.516	144.3929	0.8333381	1.178854	0.4320097	5.521806
11562	-3816.28	-3961.561	145.2804	0.997582	1.059813	0.5075085	4.928578
11568	-3816.121	-3961.255	145.1343	0.9096564	1.059813	0.3857261	5.179657
11574	-3824.328	-3970.527	146.1983	1.004672	0.8604696	0.3277876	4.71669
11580	-3811.748	-3954.305	142.5573	0.8234625	1.136748	0.3678647	6.615651
11586	-3805.143	-3949.149	144.0059	0.7793945	0.9044977	0.4663675	5.876364
11592	-3803.407	-3949.311	145.9049	0.9104264	0.8948286	0.4305897	4.796975
11598	-3803.24	-3948.968	145.7278	0.8749024	0.7606342	0.4352919	4.996746
11604	-3793.461	-3938.204	144.7428	0.8864601	0.5968025	0.485696	5.606136
11610	-3796.055	-3941.498	145.4433	0.9213921	0.7318921	0.4843651	5.100902
11616	-3809.503	-3956.526	147.0227	1.090855	0.9831357	0.4102426	4.03387
11622	-3804.767	-3951.399	146.6321	1.065985	0.9831357	0.4600915	4.218621
11628	-3803.391	-3947.954	144.5624	0.9709424	1.196691	0.4600915	5.316337
11634	-3808.19	-3952.854	144.6642	0.972768	0.9073571	0.4600915	5.413422
11640	-3806.004	-3950.514	144.51	0.8390465	0.9073571	0.4631629	5.568823
11646	-3806.024	-3949.201	143.1771	0.843693	0.8437851	0.4474016	6.347413
11652	-3808.325	-3953.526	145.2019	0.9186693	0.9398856	0.4273375	5.159787
11658	-3818.326	-3963.794	145.4686	1.106482	0.8731387	0.5737455	4.812137
11664	-3822.734	-3965.593	142.8591	0.8025812	0.9773767	0.4487582	6.463053
11670	-3820.807	-3963.067	142.2593	0.8405369	0.9773767	0.4091862	6.806248
11676	-3826.858	-3968.779	141.9212	0.7663302	1.061828	0.4091862	6.983631
11682	-3829.36	-3973.788	144.4278	0.8695701	1.055496	0.4699737	5.50805
11688	-3806.887	-3950.302	143.4152	0.7910282	1.055496	0.4248087	6.149051
11694	-3811.397	-3956.767	145.3691	0.9623506	0.9874018	0.5702362	4.883634
11700	-3797.275	-3942.96	145.6853	0.9723499	0.8745618	0.4440836	4.883634
11706	-3806.934	-3952.438	145.504	0.8155301	0.8745618	0.4703046	5.045991
11712	-3806.232	-3950.66	144.4278	0.8355199	0.988874	0.4703046	5.562518
11718	-3803.299	-3947.594	144.2947	0.9400626	0.8351268	0.4575434	5.6809
11724	-3798.034	-3941.86	143.8256	0.8408759	0.8351268	0.4241207	6.024559
11730	-3812.997	-3956.979	143.9822	0.8980005	1.152508	0.4990204	5.660758
11736	-3792.994	-3938.053	145.0598	0.8980005	0.9639986	0.4990204	5.166785
11742	-3794.476	-3939.23	144.7544	0.912778	0.8994111	0.6041378	5.275258
11748	-3794.125	-3940.921	146.7961	1.038331	0.9015859	0.5659004	4.091768
11754	-3798.93	-3944.469	145.5387	0.8993607	0.9015859	0.3771168	5.059855
11760	-3799.07	-3945.111	146.0411	0.9335653	0.8906261	0.4392609	4.701677
11766	-3793.778	-3938.275	144.4964	0.9042064	0.8906261	0.5742062	5.451812
11772	-3790.321	-3935.765	145.444	0.9593012	0.7096165	0.5742062	5.01589
11778	-3802.423	-3946.224	143.8011	0.8609832	0.7349816	0.5628688	5.965635
11784	-3792.649	-3938.573	145.9235	0.8724004	0.8898951	0.4427235	4.798504
11790	-3803.395	-3948.453	145.0585	0.8262246	0.7296909	0.4269739	5.423567
11796	-3812.652	-3958.682	146.0291	1.045651	0.7296909	0.3370455	4.863636
11802	-3801.933	-3947.454	145.5217	0.9962621	0.7296909	0.6681922	4.863636
11808	-3802.565	-3947.587	145.0222	0.9605165	0.7296909	0.6681922	5.160933
11814	-3801.656	-3947.404	145.7472	1.118374	0.7307512	0.3970971	4.911067
11820	-3799.889	-3944.077	144.1872	0.876616	0.720131	0.4097969	5.898046
11826	-3799.769	-3943.541	143.772	0.7751208	0.8847118	0.4562205	6.027779
11832	-3809.388	-3955.129	145.7413	0.9012522	0.8997005	0.5216171	4.803414
11838	-3814.225	-3958.741	144.5162	0.8546245	0.6935193	0.6345127	5.549506
11844	-3815.768	-3960.131	144.3633	0.8001217	0.8734867	0.4303764	5.723109
11850	-3821.228	-3965.63	144.4011	0.8889919	0.8932899	0.4303764	5.641719
11856	-3818.961	-3964.484	145.5228	0.9253702	0.9069355	0.4303764	4.994373
11862	-3816.782	-3962.797	146.0148	0.9809062	0.9069355	0.4970031	4.623966
11868	-3802.328	-3947.115	144.787	0.9929907	0.9710736	0.528001	5.235078
11874	-3804.482	-3949.937	145.4559	0.9318365	0.9710736	0.4677629	4.953579
11880	-3805.148	-3950.336	145.1872	0.9320992	0.9710736	0.525403	5.049443
11886	-3796.368	-3941.86	145.492	0.9689514	0.9255526	0.525403	4.885853
11892	-3794.43	-3937.408	142.9785	0.8700475	0.9255526	0.3139204	6.537152
11898	-3807.806	-3951.699	143.893	0.8107223	0.7671751	0.5727881	5.912969
11904	-3802.215	-3946.722	144.5065	0.9011322	0.8244519	0.4496429	5.600441
11910	-3800.088	-3944.587	144.499	0.8643569	0.8635177	0.4496429	5.600441
11916	-3803.605	-3948.912	145.3066	1.047555	0.8635177	0.6201442	4.90347
11922	-3799.15	-3944.758	145.6075	0.9971502	0.8635177	0.4608394	4.90347
11928	-3802.002	-3946.602	144.6005	1.018588	0.9788856	0.4918687	5.352093
11934	-3808.692	-3955.45	146.7579	1.046377	0.6900544	0.4918687	4.318419
11940	-3809.338	-3954.84	145.502	0.9736106	0.6900544	0.3865311	5.168095
11946	-3801.732	-3947.248	145.5163	0.866083	0.8316534	0.4513002	5.056347
11952	-3814.861	-3958.484	143.6223	0.8655804	0.7205767	0.3078394	6.326851
11958	-3799.852	-3942.646	142.7934	0.8033044	0.7928683	0.3078394	6.761173
11964	-3804.597	-3946.538	141.9417	0.8993713	0.7928683	0.3078394	7.168226
11970	-3799.418	-3943.888	144.4697	0.8743534	0.7928683	0.4545383	5.650887
11976	-3810.269	-3953.005	142.7359	0.7772427	1.0659	0.5956158	6.368166
11982	-3810.833	-3954.149	143.3162	0.820933	1.070232	0.5546057	6.060053
11988	-3812.087	-3957.188	145.1014	0.9092454	1.00698	0.4192492	5.190999
11994	-3825.961	-3970.321	144.3604	0.895369	1.361381	0.4598964	5.394184
12000	-3804.387	-3950.376	145.9889	0.8996133	0.8389226	0.3807892	4.843904
12006	-3812.832	-3958.574	145.7428	0.8996133	0.8389226	0.3807892	4.980918
12012	-3807.835	-3953.307	145.4724	0.9782063	0.7505199	0.3807892	5.145537
12018	-3803.215	-3949.699	146.4849	1.05123	0.9211436	0.3807892	4.430221
12024	-3798.89	-3944.599	145.7089	1.030464	0.836387	0.4956385	4.812352
12030	-3806.257	-3951.3	145.0434	0.8708351	0.7882568	0.4956385	5.301374
12036	-3804.397	-3948.622	144.225	0.7954601	0.7146545	0.5022191	5.836378
12042	-3807.881	-3952.789	144.9079	0.7642728	0.7593329	0.5120028	5.439303
12048	-3796.462	-3940.105	143.6423	0.8815796	0.8260243	0.588982	5.960001
12054	-3801.223	-3945.539	144.3156	1.067945	0.7545441	0.4598136	5.649531
12060	-3802.713	-3946.021	143.3081	0.677147	0.819137	0.4765619	6.354408
12066	-3803.351	-3948.134	144.7829	0.8642637	0.819137	0.5040602	5.420951
12072	-3800.777	-3946.919	146.1413	1.053523	0.9874601	0.5040602	4.458436
12078	-3802.517	-3948.824	146.3074	1.068073	0.9874601	0.4765468	4.382603
12084	-3799.801	-3944.913	145.1122	1.006394	1.047953	0.377408	5.153815
12090	-3796.92	-3941.907	144.9877	0.9203227	1.047953	0.5434978	5.108421
12096	-3806.944	-3952.776	145.8316	1.094316	0.7416582	0.5434978	4.728243
12102	-3794.479	-3938.889	144.4097	1.014475	0.8629546	0.5789702	5.451751
12108	-3806.107	-3950.88	144.7731	1.053514	0.9522049	0.5230133	5.224483
12114	-3806.972	-3954.132	147.1591	1.20545	1.066167	0.4859776	3.765571
12120	-3817.826	-3964.008	146.1818	1.09334	0.7589915	0.4859776	4.572827
12126	-3825.927	-3972.638	146.7105	1.162946	0.7128127	0.4031118	4.352381
12132	-3823.981	-3970.897	146.9162	1.072269	0.7780003	0.6079012	4.048859
12138	-3808.586	-3955.464	146.8775	1.041079	0.8995377	0.4014822	4.20418
12144	-3815.794	-3962.169	146.3749	1.121428	0.7913753	0.4708017	4.440991
12150	-3810.412	-3956.742	146.3307	1.063111	0.7913753	0.4776948	4.492052
12156	-3814.609	-3960.234	145.6251	1.006016	0.9159289	0.5504184	4.774721
12162	-3815.178	-3961.41	146.2325	1.074699	0.9159289	0.4100533	4.530189
12168	-3805.707	-3950.781	145.0743	1.079511	0.9869565	0.4362577	5.105515
12174	-3811.738	-3956.175	144.4379	0.8326188	0.9869565	0.4137398	5.615587
12180	-3818.098	-3963.884	145.7861	0.9270489	0.6489567	0.4408006	5.010231
12186	-3816.442	-3962.225	145.7827	1.0168	0.83192	0.4457512	4.829671
12192	-3812.32	-3956.839	144.5191	0.9741837	0.9685334	0.5064444	5.413924
12198	-3805.708	-3949.535	143.8274	0.8622134	1.080939	0.4327069	5.86425
