Iteration	Posterior	Likelihood	Prior	rate_log_sd	rate_loss	rate_neo	tree_length
0	-3800.962	-3946.347	145.385	0.8292433	0.7326484	0.4262677	5.240433
6	-3798.638	-3943.587	144.9497	0.9640015	0.8085846	0.4262677	5.355441
12	-3802.092	-3944.543	142.4501	0.811011	0.9048423	0.4262677	6.742905
18	-3800.094	-3944.604	144.5095	0.8769212	0.9048423	0.3730682	5.642505
24	-3820.13	-3965.428	145.2981	0.7917197	0.7172237	0.3730682	5.376569
30	-3810.332	-3955.092	144.7597	0.7974674	0.8893349	0.5551542	5.382301
36	-3812.455	-3954.95	142.4949	0.9309414	0.8893349	0.5551542	6.545829
42	-3797.419	-3941.019	143.6006	0.8714811	0.8572694	0.5295265	6.018445
48	-3803.986	-3946.817	142.8312	0.8714811	0.9412031	0.4089624	6.500711
54	-3801.36	-3945.889	144.5288	0.9329504	0.9176149	0.3739004	5.592707
60	-3796.662	-3941.131	144.4696	0.8569581	0.9176149	0.4450604	5.592707
66	-3795.394	-3937.828	142.4333	0.9165997	0.9176149	0.4215633	6.692257
72	-3801.232	-3946.379	145.1472	1.005353	0.9176149	0.3972987	5.186484
78	-3800.401	-3944.329	143.9274	1.016633	0.9176149	0.5323057	5.722016
84	-3805.325	-3948.776	143.4515	0.7527593	0.7639154	0.3432313	6.408962
90	-3806.62	-3948.965	142.3447	0.7360521	0.9378375	0.3517903	6.900317
96	-3813.628	-3956.128	142.4998	0.7650174	0.8632455	0.4115341	6.780358
102	-3804.815	-3950.214	145.3993	0.8922627	0.8075134	0.4016074	5.173067
108	-3808.66	-3954.34	145.6804	0.8641816	0.8762313	0.5219864	4.872022
114	-3811.272	-3956.635	145.3631	1.06943	0.9822103	0.5219864	4.872022
120	-3810.779	-3957.839	147.06	1.006864	1.109099	0.4252754	3.974849
126	-3806.371	-3952.461	146.0906	0.9529406	0.860525	0.4252754	4.696047
132	-3814.07	-3959.4	145.33	0.8117544	0.860525	0.3789461	5.246896
138	-3809.779	-3955.129	145.35	0.9852746	0.860525	0.4457129	5.069904
144	-3795.269	-3940.981	145.7122	0.9615884	0.860525	0.3957048	4.933593
150	-3793.684	-3937.979	144.2958	0.8829871	0.965174	0.521108	5.575756
156	-3787.134	-3930.114	142.9795	0.7403059	0.9346026	0.4525611	6.451891
162	-3806.225	-3950.477	144.2524	0.8024015	0.8178721	0.4331043	5.814339
168	-3802.142	-3945.786	143.6433	0.8604422	0.8178721	0.4038601	6.14481
174	-3797.044	-3939.526	142.4817	0.8659233	0.9663567	0.3776431	6.711697
180	-3802.117	-3946.412	144.2953	0.8142126	1.070056	0.4168841	5.656024
186	-3801.709	-3946.316	144.6063	0.7876417	0.7851777	0.4427134	5.640124
192	-3807.547	-3952.209	144.6623	0.8067364	0.882696	0.5901949	5.405819
198	-3811.858	-3955.843	143.9858	0.8067364	0.9863982	0.3619176	5.933394
204	-3810.758	-3954.292	143.5338	0.7724141	0.8811178	0.4839003	6.135146
210	-3791.264	-3935.064	143.7999	0.7597817	0.8173614	0.3271862	6.200278
216	-3792.08	-3935.236	143.1554	0.8159194	0.7818003	0.334759	6.533373
222	-3796.15	-3939.785	143.6352	0.7826352	0.7818003	0.3935047	6.22563
228	-3798.334	-3942.464	144.1296	0.7569372	0.7944585	0.4746061	5.881224
234	-3802.506	-3945.747	143.2408	0.8159776	0.8640198	0.5433951	6.228552
240	-3801.708	-3945.826	144.1181	0.7510791	0.8640198	0.4904814	5.83228
246	-3795.553	-3940.821	145.2677	0.8680718	0.8640198	0.4904814	5.13532
252	-3796.394	-3939.178	142.7848	0.7389293	0.8640198	0.4904814	6.564109
258	-3795.668	-3939.782	144.1138	0.7222926	0.8640198	0.4156118	5.922876
264	-3789.218	-3931.717	142.4991	0.6978386	1.04266	0.475632	6.654144
270	-3790.692	-3934.565	143.873	0.87143	1.04266	0.4996787	5.790654
276	-3806.123	-3948.536	142.4124	0.7365841	1.106086	0.4425021	6.679001
282	-3815.105	-3959.756	144.6513	0.8531791	1.106086	0.4425021	5.394445
288	-3800.233	-3943.952	143.719	0.7027653	1.106086	0.3704877	6.062925
294	-3803.629	-3948.934	145.3054	0.9889465	0.7968357	0.3651817	5.218452
300	-3800.576	-3946.13	145.5538	0.9156426	0.863031	0.3988126	5.042256
306	-3804.246	-3949.197	144.951	0.9890246	1.127667	0.5616801	5.033643
312	-3817.759	-3961.817	144.0584	0.9890246	1.091159	0.3368116	5.767342
318	-3820.651	-3965.322	144.6709	0.8949396	0.8490308	0.4411383	5.506446
324	-3810.691	-3954.847	144.1564	0.9912907	0.9287834	0.3214724	5.819225
330	-3823.744	-3967.676	143.932	0.9342837	0.9596275	0.3928131	5.874219
336	-3815.583	-3959.884	144.3006	0.9314095	0.9459576	0.3749685	5.701148
342	-3804.108	-3949.814	145.7053	0.9496325	0.9459576	0.3949006	4.893616
348	-3801.442	-3946.207	144.7656	1.005998	0.7734468	0.4930873	5.392244
354	-3813.994	-3960.007	146.0126	1.008934	0.6677279	0.3382463	4.936826
360	-3818.502	-3963.306	144.804	0.9040379	0.7901246	0.4604089	5.446957
366	-3809.556	-3954.49	144.9344	0.9606436	0.7901246	0.4604089	5.343933
372	-3813.31	-3959.935	146.6252	1.118068	0.8089793	0.4970678	4.264623
378	-3804.435	-3949.296	144.8605	0.9493803	0.8089793	0.4476871	5.391018
384	-3796.201	-3941.37	145.1696	0.9690824	0.9423564	0.5029736	5.075365
390	-3798.227	-3942.725	144.4982	0.9767774	0.783699	0.5125748	5.53102
396	-3809.155	-3952.356	143.2008	0.9134834	0.8843236	0.4489637	6.270555
402	-3803.659	-3947.443	143.7842	0.8725103	1.070798	0.4489637	5.871482
408	-3811.61	-3956.737	145.1276	0.9891508	1.070798	0.4381987	5.078594
414	-3807.952	-3953.397	145.4447	0.9808734	1.114917	0.4381987	4.884011
420	-3800.571	-3946.519	145.9481	1.026609	0.7590721	0.5471532	4.685707
426	-3798.922	-3944.028	145.1059	0.9682044	0.9435303	0.5293282	5.086853
432	-3805.582	-3949.8	144.2178	1.02791	0.8611628	0.5293282	5.592948
438	-3798.062	-3941.154	143.0926	0.8880759	0.7903811	0.4276309	6.42229
444	-3807.03	-3950.843	143.8133	0.8880759	1.002506	0.4276309	5.904519
450	-3795.589	-3940.027	144.4378	0.930616	0.9356712	0.4276309	5.57662
456	-3801.559	-3945.92	144.361	0.9050989	0.8775033	0.5605049	5.545146
462	-3798.131	-3942.575	144.4445	0.8811452	0.8482364	0.4570401	5.62336
468	-3809.87	-3954.043	144.1732	0.9382264	1.05403	0.4570401	5.62336
474	-3806.422	-3951.216	144.7939	0.876024	1.05403	0.4570401	5.316019
480	-3809.094	-3954.519	145.4256	0.876024	0.9320968	0.4570401	5.034299
486	-3817.229	-3961.624	144.3953	0.8232114	1.174755	0.3291016	5.641081
492	-3814.624	-3958.865	144.2412	0.8340523	0.9072768	0.4397796	5.741843
498	-3816.611	-3961.718	145.1072	0.8280825	0.9072768	0.4323583	5.276253
504	-3799.462	-3943.092	143.63	0.6724687	0.9072768	0.379072	6.226364
510	-3803.162	-3947.07	143.9084	0.8864496	0.915592	0.379072	5.953308
516	-3803.613	-3948.641	145.0285	0.7617043	0.9473588	0.41484	5.35087
522	-3806.017	-3950.703	144.6861	0.8835913	0.9473588	0.4714554	5.416297
528	-3801.662	-3946.612	144.9496	0.938477	0.9473588	0.4787499	5.233709
534	-3824.842	-3970.808	145.9658	1.068941	1.089085	0.4925015	4.503675
540	-3815.712	-3961.27	145.5575	0.9571868	0.9047204	0.4936617	4.89716
546	-3804.317	-3949.257	144.94	0.9421575	0.9047204	0.4733307	5.267036
552	-3801.373	-3947.949	146.5756	1.046491	0.9047204	0.4733307	4.295074
558	-3798.979	-3944.763	145.7834	0.9246421	0.7699452	0.4993053	4.870015
564	-3820.278	-3966.064	145.7857	1.020641	0.8201968	0.4100406	4.870015
570	-3815.185	-3961.262	146.0767	0.9348173	0.8566172	0.3960946	4.747269
576	-3813.606	-3958.493	144.8867	0.8309356	0.8566172	0.457247	5.402396
582	-3813.793	-3956.815	143.0224	0.8646566	1.450303	0.4040572	6.161871
588	-3822.082	-3965.727	143.6451	0.7524716	1.272205	0.3266906	6.047102
594	-3817.493	-3962.443	144.9504	0.7801582	0.7564054	0.4533405	5.463888
600	-3814.722	-3959.834	145.1129	0.9225141	0.8332358	0.4415874	5.257068
606	-3815.665	-3960.351	144.6864	0.8538526	1.007631	0.5058418	5.366882
612	-3807.856	-3952.429	144.5724	0.9055962	1.007631	0.3868281	5.518737
618	-3814.473	-3960.517	146.0443	0.8152111	0.6040931	0.3868281	5.020589
624	-3817.883	-3962.758	144.8749	0.9017686	0.9432208	0.3506689	5.431023
630	-3811.939	-3955.854	143.9152	0.9973748	0.9432208	0.4297192	5.820048
636	-3802.835	-3944.395	141.5606	0.8457131	0.9109724	0.4065763	7.219638
642	-3800.851	-3945.09	144.2384	0.9483876	0.8218464	0.440672	5.732009
648	-3815.826	-3959.54	143.7144	0.8159226	0.8878109	0.440672	6.0502
654	-3813.688	-3958.848	145.1604	0.9043091	0.7667516	0.440672	5.285157
660	-3812.745	-3958.394	145.6488	1.061123	0.8876845	0.385384	4.90803
666	-3802.516	-3947.398	144.8824	0.9848121	0.8876845	0.385384	5.37482
672	-3805.772	-3950.433	144.6613	0.819384	0.9259948	0.385384	5.564832
678	-3813.603	-3957.801	144.1982	0.8466259	0.9281786	0.421256	5.764865
684	-3813.528	-3958.373	144.8448	0.9641827	0.9459644	0.3606319	5.400176
690	-3814.317	-3959.588	145.2715	0.9660978	0.9459644	0.474522	5.044886
696	-3810.773	-3956.127	145.3548	0.8828628	0.9459644	0.474522	5.044886
702	-3807.025	-3952.521	145.4957	0.8828628	0.8552799	0.4499727	5.044886
708	-3793.483	-3938.09	144.6066	0.9032224	0.8552799	0.4499727	5.524677
714	-3797.996	-3941.861	143.8655	0.8579196	1.029264	0.4499727	5.855908
720	-3796.752	-3939.863	143.111	0.710785	1.006806	0.4499727	6.359014
726	-3798.77	-3942.143	143.3733	0.8570883	1.042256	0.5340896	6.041234
732	-3799.702	-3942.869	143.1678	0.8570883	1.042256	0.5340896	6.153192
738	-3810.579	-3955.52	144.9413	0.8777847	1.042256	0.35734	5.345037
744	-3814.35	-3958.569	144.2186	0.7653162	0.9474403	0.5878785	5.636391
750	-3807.165	-3951.672	144.5074	0.8735488	0.9474403	0.5777421	5.426395
756	-3807.391	-3949.748	142.3567	0.816476	1.073181	0.4202753	6.704569
762	-3809.01	-3954.385	145.3751	0.9213694	0.7659067	0.3416504	5.26506
768	-3814.7	-3958.119	143.4183	0.8494357	0.7659067	0.3416504	6.375088
774	-3819.537	-3963.231	143.6941	0.7138788	0.7672809	0.3960814	6.237772
780	-3822.446	-3965.116	142.6701	0.7895301	0.7659067	0.4883289	6.66257
786	-3811.201	-3955.541	144.3406	0.8633254	0.9096815	0.3659704	5.7476
792	-3812.483	-3956.094	143.6109	0.8047344	1.09743	0.4374952	6.000673
798	-3811.554	-3955.412	143.8575	0.8203443	0.842111	0.4374952	6.000673
804	-3814.419	-3957.498	143.0795	0.7976884	0.842111	0.4749762	6.40021
810	-3805.409	-3949.234	143.8255	0.8209402	0.870713	0.4749762	5.964243
816	-3815.74	-3958.548	142.8076	0.7282243	0.9836472	0.3897196	6.587482
822	-3803.473	-3947.328	143.8544	0.744754	0.7902025	0.4088527	6.105421
828	-3821.962	-3967.388	145.4255	0.9052316	1.151868	0.4088527	4.948369
834	-3820.273	-3963.673	143.3993	0.7723264	0.9279407	0.4003127	6.262871
840	-3821.541	-3965.493	143.9521	0.7401839	0.9279407	0.4003127	5.979388
846	-3810.511	-3954.147	143.6363	0.7978909	0.8912155	0.5271036	6.020725
852	-3815.379	-3960.605	145.2261	0.81748	0.8912155	0.5030748	5.158226
858	-3810.924	-3955.224	144.2997	0.7677946	0.9929656	0.4557475	5.681622
864	-3794.05	-3939.355	145.3048	0.8329494	0.8851293	0.464922	5.145463
870	-3794.124	-3938.193	144.0693	0.8479174	0.8851293	0.5074078	5.777896
876	-3803.756	-3946.994	143.2384	0.7265902	0.8851293	0.5074078	6.297004
882	-3791.764	-3935.493	143.7291	0.876194	0.8111324	0.3750577	6.124591
888	-3791.219	-3936.302	145.0831	0.9169565	0.7443618	0.4015709	5.376247
894	-3793.636	-3939.46	145.8244	0.9681001	0.7427925	0.4384027	4.900259
900	-3816.118	-3960.704	144.5854	0.9553409	0.9612656	0.6641818	5.262656
906	-3810.298	-3956.042	145.7448	1.059703	0.9087951	0.5024923	4.724858
912	-3812.269	-3956.57	144.3019	0.8161468	0.8391272	0.444451	5.755071
918	-3806.369	-3951.743	145.3739	0.9888121	0.8391272	0.444451	5.069295
924	-3809.692	-3954.582	144.89	0.9479031	0.6389687	0.444451	5.497925
930	-3806.044	-3951.375	145.3306	0.8468968	0.6389687	0.3720425	5.386833
936	-3809.78	-3954.192	144.4115	0.8230217	0.8971822	0.320784	5.791055
942	-3809.35	-3954.645	145.2953	0.886732	0.8315959	0.3625269	5.261161
948	-3809.845	-3956.085	146.2396	1.063086	0.9159363	0.3625536	4.585414
954	-3810.39	-3956.333	145.9432	1.0556	0.8576042	0.4430284	4.704768
960	-3806.312	-3952.366	146.0537	1.075559	0.5902939	0.4057442	4.861311
966	-3810.7	-3955.18	144.4794	0.9473439	0.7173907	0.4057442	5.705614
972	-3813.278	-3958.155	144.8768	0.9168061	0.7173907	0.4057442	5.504251
978	-3817.299	-3962.602	145.3028	1.034803	0.7844869	0.6329852	4.953453
984	-3813.621	-3958.783	145.1624	0.9789089	0.9634418	0.5164971	5.049545
990	-3819.294	-3962.071	142.7772	1.031222	0.9656168	0.4489435	6.389839
996	-3802.287	-3946.678	144.3909	0.8864183	0.9121374	0.4489435	5.61919
1002	-3806.036	-3949.736	143.7002	0.9359036	0.9121374	0.4489435	5.970049
1008	-3805.44	-3949.196	143.7566	0.754982	1.002136	0.4511832	5.985069
1014	-3812.601	-3957.283	144.6821	0.8959772	0.9309762	0.4821384	5.411069
1020	-3801.799	-3946.032	144.2329	0.8261185	0.800677	0.3619434	5.898398
1026	-3817.374	-3962.43	145.0553	1.051303	1.22163	0.5368541	4.916151
1032	-3810.795	-3955.575	144.7793	1.113251	0.8534816	0.4905358	5.276333
1038	-3809.979	-3958.022	148.0428	1.238836	0.9051146	0.4565708	3.356345
1044	-3808.2	-3952.535	144.335	0.7960346	0.8578159	0.4879199	5.695063
1050	-3809.286	-3955.213	145.9268	0.9493394	0.8436953	0.4698377	4.755715
1056	-3823.337	-3968.312	144.9744	0.8141822	0.8436953	0.4698377	5.359238
1062	-3813.115	-3957.227	144.1119	0.8141822	0.8741051	0.4698377	5.814214
1068	-3813.689	-3958.196	144.5072	0.8141822	0.8741051	0.4513696	5.615337
1074	-3805.263	-3949.799	144.5363	0.9029096	0.8741051	0.5164593	5.490056
1080	-3807.888	-3953.062	145.1731	0.9519447	0.8741051	0.4727612	5.151755
1086	-3808.344	-3955.64	147.2955	1.104764	1.029845	0.4727612	3.778156
1092	-3809.271	-3954.081	144.81	1.030261	1.373323	0.4595877	5.066141
1098	-3811.039	-3955.666	144.6268	0.8128929	1.373323	0.4578966	5.289484
1104	-3807.467	-3951.935	144.468	0.9835295	0.8813172	0.5040387	5.490046
1110	-3817.501	-3962.506	145.0049	0.8741174	0.8813172	0.3922468	5.364694
1116	-3811.452	-3955.804	144.3525	0.7868773	0.8027617	0.4462262	5.764732
1122	-3817.885	-3961.245	143.3603	0.905708	0.8290692	0.4233866	6.247098
1128	-3818.729	-3963.859	145.1292	0.9211387	0.8290692	0.4175683	5.275833
1134	-3799.98	-3944.697	144.7172	0.8603126	0.8290692	0.4761525	5.478744
1140	-3819.999	-3964.074	144.0747	0.8487104	0.8276695	0.388668	5.925926
1146	-3827.814	-3972.395	144.5819	0.9434359	1.121343	0.4159134	5.402136
1152	-3818.597	-3963.004	144.4063	0.9496073	1.137414	0.3763397	5.529544
1158	-3821.468	-3965.983	144.5151	0.8427562	1.137414	0.3753793	5.529544
1164	-3820.801	-3966.292	145.4911	1.082374	1.058963	0.3738482	4.899335
1170	-3814.678	-3960.249	145.5712	1.107899	1.058963	0.4273304	4.782966
1176	-3807.674	-3952.147	144.4728	0.9017196	1.058963	0.4273304	5.505618
1182	-3795.956	-3940.812	144.8566	0.962108	0.9072517	0.369758	5.40708
1188	-3793.157	-3936.894	143.7366	0.8703941	1.085618	0.5052595	5.838364
1194	-3802.049	-3947.42	145.3712	0.907857	1.085618	0.5105987	4.911562
1200	-3799.864	-3944.634	144.7704	0.8887481	0.9024862	0.5294086	5.340341
1206	-3803.998	-3949.361	145.3621	1.1161	0.9024862	0.5795899	4.843393
1212	-3809.521	-3955.736	146.2148	1.097006	1.098693	0.5795899	4.264703
1218	-3805.954	-3952.662	146.708	1.05039	1.003953	0.3735383	4.264703
1224	-3804.053	-3948.94	144.8874	0.8891044	1.040149	0.4809853	5.241693
1230	-3796.898	-3940.925	144.0265	0.8013009	0.8757801	0.4906067	5.847623
1236	-3812.685	-3955.635	142.949	0.7196259	0.6087171	0.4596212	6.688507
1242	-3802.625	-3947.157	144.5325	0.9749327	0.6087171	0.4596212	5.68813
1248	-3805.017	-3948.637	143.62	0.8461198	0.8420554	0.4596212	6.094585
1254	-3803.793	-3948.475	144.6826	0.855253	0.719284	0.4169771	5.631725
1260	-3812.604	-3957.609	145.0048	0.9051946	0.9854812	0.3932797	5.285941
1266	-3813.467	-3958.631	145.1634	0.9259214	0.6919346	0.3465815	5.425108
1272	-3811.314	-3955.147	143.8337	0.751533	0.7557055	0.5184437	6.031467
1278	-3809.123	-3954.722	145.5993	0.8590318	0.7912296	0.3882591	5.10573
1284	-3797.705	-3942.772	145.0674	0.9052439	0.9715615	0.4575714	5.193378
1290	-3813.38	-3956.455	143.0746	0.8016408	0.9715615	0.4575714	6.341432
1296	-3821.441	-3964.835	143.3943	0.7082168	0.9693811	0.4150039	6.261781
1302	-3801.543	-3944.667	143.1236	0.8285315	0.9692731	0.5005087	6.261781
1308	-3803.476	-3948.899	145.4235	0.9507727	0.9692731	0.5005087	4.93128
1314	-3798.883	-3943.462	144.579	0.9507727	0.9692731	0.6842116	5.249419
1320	-3811.041	-3956.015	144.9739	0.8449765	1.046098	0.5100134	5.188353
1326	-3793.799	-3939.237	145.4384	0.893781	0.8030989	0.5100134	5.047222
1332	-3791.68	-3936.965	145.2845	0.9151288	0.9479653	0.4932434	5.047222
1338	-3791.595	-3936.789	145.1933	0.9629506	0.9903687	0.4932434	5.047222
1344	-3809.442	-3954.776	145.3338	1.017847	0.7959836	0.5032866	5.047222
1350	-3802.669	-3947.959	145.2909	0.9250397	0.7959836	0.4834081	5.140857
1356	-3816.782	-3959.662	142.8802	0.8449394	0.8331953	0.4834081	6.480341
1362	-3828.709	-3971.259	142.55	0.8880652	0.9380366	0.4551105	6.600038
1368	-3819.017	-3963.282	144.2655	0.8025731	0.9380366	0.4551105	5.712841
1374	-3812.84	-3958.639	145.7988	1.05782	1.055901	0.3196914	4.807193
1380	-3804.984	-3950.851	145.8665	0.9424973	0.788843	0.2924736	5.027164
1386	-3799.965	-3945.322	145.3579	1.016024	0.724896	0.2924736	5.311532
1392	-3813.087	-3958.35	145.2623	0.8594229	0.7409723	0.4704466	5.242209
1398	-3808.862	-3954.224	145.3619	0.7799458	0.7409723	0.4588974	5.242209
1404	-3810.677	-3954.255	143.5788	0.8737822	0.8471389	0.4396339	6.118203
1410	-3807.623	-3951.579	143.9555	0.8871223	0.7520584	0.4726294	5.935064
1416	-3811.297	-3955.571	144.2743	0.8871223	0.7520584	0.4896587	5.744914
1422	-3815.075	-3958.754	143.6792	0.7695634	0.8086614	0.4821407	6.103898
1428	-3805.413	-3948.953	143.5396	0.8180963	0.9156413	0.5555618	6.02383
1434	-3814.784	-3958.432	143.6481	0.7776876	0.8064953	0.3365872	6.268841
1440	-3807.982	-3951.083	143.1002	0.8105563	0.846168	0.3916587	6.462066
1446	-3810.4	-3954.544	144.1438	0.9428996	0.8045483	0.3916587	5.848184
1452	-3803.236	-3949.43	146.1948	0.8910627	0.8045483	0.3916587	4.743997
1458	-3804.487	-3948.529	144.0416	0.781082	0.8861339	0.5635687	5.78057
1464	-3803.394	-3946.386	142.9921	0.7521154	0.9068767	0.5631258	6.356341
1470	-3803.394	-3947.023	143.6285	0.7523956	0.7107973	0.3728253	6.315895
1476	-3798.493	-3942.906	144.4139	0.863838	0.9250233	0.4044959	5.65642
1482	-3808.476	-3954.377	145.9008	0.9208672	0.8291617	0.4130641	4.852537
1488	-3813.69	-3957.949	144.2589	0.8410438	0.8123615	0.4130641	5.813456
1494	-3805.38	-3951.036	145.6561	1.016474	0.8123615	0.3313788	5.038424
1500	-3801.662	-3946.669	145.0072	0.9070107	0.8123615	0.3384577	5.4491
1506	-3813.736	-3956.518	142.7815	0.7530559	0.8123615	0.3384577	6.745614
1512	-3806.219	-3949.89	143.6713	0.7331341	0.8123615	0.361384	6.24826
1518	-3803.049	-3947.472	144.423	0.9153743	0.8123615	0.361384	5.738744
1524	-3807.951	-3953.314	145.3622	1.050472	1.09604	0.4126127	4.927233
1530	-3822.262	-3969.728	147.4662	0.9838389	0.7839471	0.4402199	3.935037
1536	-3808.232	-3953.79	145.5587	0.9149184	0.9232371	0.316303	5.098906
1542	-3805.105	-3951.614	146.509	1.039726	0.9232371	0.5265536	4.275559
1548	-3802.393	-3948.351	145.9578	1.043213	0.7960896	0.3097774	4.89323
1554	-3802.71	-3948.19	145.4808	0.9748344	0.6699192	0.3097774	5.283842
1560	-3801.912	-3947.642	145.7304	0.9945644	0.7152857	0.3952698	5.002134
1566	-3799.042	-3943.915	144.8738	1.013505	0.970717	0.4509275	5.247524
1572	-3801.584	-3946.267	144.6829	0.8640451	0.9061556	0.4752642	5.449215
1578	-3795.585	-3938.138	142.5533	0.7593551	0.9061556	0.4485642	6.692469
1584	-3794.364	-3938.748	144.3841	0.7964199	0.9061556	0.4485642	5.676167
1590	-3797.159	-3942.333	145.1746	1.023401	0.9206734	0.3671622	5.19267
1596	-3807.023	-3951.407	144.3843	0.893079	0.8794456	0.5483656	5.548015
1602	-3808.928	-3952.337	143.409	0.6799287	0.967905	0.4563381	6.229101
1608	-3809.826	-3953.285	143.4597	0.8277214	0.7598381	0.3816672	6.323613
1614	-3801.885	-3948.59	146.7043	1.11496	0.6941565	0.4399976	4.35784
1620	-3795.432	-3939.619	144.1868	0.8638719	0.6941565	0.4399976	5.893045
1626	-3790.345	-3936.378	146.0337	0.9528923	0.6867776	0.4399976	4.830524
1632	-3795.041	-3940.181	145.1405	0.8447867	0.6735893	0.4861496	5.350818
1638	-3808.064	-3952.539	144.4746	0.8585693	0.6735893	0.5283742	5.671391
1644	-3811.308	-3955.926	144.6176	0.8130578	0.8807965	0.5283742	5.480176
1650	-3820.856	-3962.788	141.9318	0.721019	1.108859	0.5148833	6.87879
1656	-3827.435	-3970.742	143.3075	0.7900114	1.108859	0.4308606	6.174738
1662	-3812.66	-3958.187	145.5274	0.9413973	1.204384	0.4821309	4.772325
1668	-3810.619	-3955.962	145.3431	0.8987629	1.200935	0.5188015	4.866798
1674	-3811.859	-3957.39	145.531	1.044329	1.026573	0.4041007	4.882671
1680	-3800.084	-3944.551	144.467	0.9373101	1.026573	0.4251378	5.508744
1686	-3806.936	-3951.097	144.1614	0.8722725	0.9623712	0.4357495	5.736865
1692	-3806.581	-3951.164	144.5836	0.911512	0.9623712	0.5097448	5.41344
1698	-3811.661	-3956.269	144.6079	0.8652336	0.9623712	0.3281211	5.613632
1704	-3806.019	-3951.671	145.6526	0.9930999	0.9623712	0.34382	4.947167
1710	-3813.839	-3958.344	144.505	0.9180681	1.020354	0.3950647	5.53315
1716	-3823.683	-3967.023	143.3401	0.7509521	0.9135271	0.3471372	6.373217
1722	-3804.409	-3948.649	144.24	0.9122586	0.7712277	0.483742	5.742552
1728	-3808.511	-3952.935	144.4242	0.8823881	1.020712	0.483742	5.508674
1734	-3799.592	-3946.425	146.833	0.9315812	0.8901715	0.4162211	4.281326
1740	-3809.595	-3954.658	145.0624	0.993733	0.8901715	0.5087164	5.146779
1746	-3807.258	-3950.635	143.3766	0.891622	0.7283103	0.4123023	6.323092
1752	-3807.477	-3950.81	143.3331	0.9051278	0.9633646	0.5173891	6.094414
1758	-3808.341	-3953.874	145.5327	0.9475239	0.9633646	0.459817	4.914191
1764	-3810.289	-3953.635	143.3464	0.8268889	1.053214	0.4860361	6.109331
1770	-3799.644	-3943.141	143.497	0.8696681	0.8660122	0.4860361	6.109331
1776	-3807.271	-3953.019	145.748	0.9673546	0.8369848	0.4860361	4.834305
1782	-3805.087	-3950.82	145.7328	0.9665125	0.9636506	0.4178598	4.834305
1788	-3806.343	-3952.898	146.5547	1.107239	0.7536053	0.4384235	4.405649
1794	-3803.142	-3948.738	145.5965	1.035904	0.7536053	0.3243373	5.10835
1800	-3807.158	-3950.403	143.2451	0.9109409	0.9271435	0.3417705	6.336282
1806	-3798.667	-3944.18	145.5125	0.9480517	0.8388605	0.413587	5.046695
1812	-3796.913	-3941.638	144.7258	0.8706748	0.7044301	0.413587	5.613535
1818	-3792.576	-3937.722	145.1463	0.8913398	0.7044301	0.4173598	5.366926
1824	-3807.55	-3953.293	145.7422	1.078025	0.7754824	0.4130433	4.888602
1830	-3800.629	-3945.917	145.2881	1.066086	0.7202401	0.4130433	5.185346
1836	-3805.976	-3951.003	145.0273	1.014736	0.9974425	0.4130433	5.185346
1842	-3796.652	-3941.157	144.5051	0.8692464	1.062145	0.5390322	5.399707
1848	-3807.004	-3950.607	143.6026	0.852287	0.9845868	0.5390322	5.945692
1854	-3807.416	-3952.492	145.0762	0.9048303	1.000722	0.4863471	5.145016
1860	-3797.377	-3941.854	144.477	0.8980616	0.7550441	0.4042328	5.709625
1866	-3813.01	-3957.456	144.4467	0.9073465	0.7881015	0.3943914	5.709625
1872	-3801.868	-3946.807	144.9396	0.9464578	0.8969064	0.3943914	5.349136
1878	-3815.442	-3959.898	144.4561	0.9196058	0.8969064	0.3943914	5.629868
1884	-3802.836	-3948.357	145.5219	0.9258231	0.7964687	0.3997968	5.095686
1890	-3813.802	-3959.765	145.9634	1.02022	1.03287	0.4273952	4.626666
1896	-3806.699	-3950.329	143.63	0.8263383	0.9030731	0.471738	6.051667
1902	-3802.374	-3947.22	144.8458	0.8919055	0.9030731	0.471738	5.34926
1908	-3804.598	-3948.453	143.8551	0.8876957	1.026113	0.4649561	5.832615
1914	-3800.943	-3945.366	144.4228	0.8251667	1.026113	0.4412959	5.578681
1920	-3809.144	-3954.063	144.9188	0.9866511	0.7806485	0.3384781	5.474523
1926	-3821.579	-3966.63	145.051	1.04385	0.7806485	0.3812727	5.321349
1932	-3813.845	-3958.624	144.7797	0.9169006	0.972941	0.4539802	5.348596
1938	-3804.5	-3948.041	143.5417	0.7986025	0.8300254	0.4539802	6.175946
1944	-3805.51	-3950.721	145.2102	0.983564	1.040894	0.3987818	5.092681
1950	-3806.86	-3950.479	143.6196	0.8575843	0.7984999	0.3899665	6.186291
1956	-3808.537	-3953.574	145.0364	0.8417024	0.6614406	0.4596337	5.444009
1962	-3811.53	-3953.671	142.1411	0.821242	0.6614406	0.4591494	7.030175
1968	-3808.714	-3953.779	145.0648	0.8237576	1.014328	0.4776788	5.196857
1974	-3813.724	-3958.074	144.3498	0.89911	1.014328	0.4750346	5.552
1980	-3808.616	-3952.203	143.5872	0.8781298	0.7506419	0.4750346	6.139478
1986	-3819.805	-3965.277	145.4721	0.9100065	0.8308392	0.4750346	5.034079
1992	-3812.713	-3958.268	145.5549	0.8182584	0.7703205	0.4750346	5.07866
1998	-3807.472	-3952.296	144.8242	0.8412728	0.8671692	0.4750346	5.407669
2004	-3801.222	-3946.761	145.5385	0.8796354	0.8091746	0.4750346	5.027984
2010	-3804.975	-3950.032	145.0573	0.8784938	0.8091746	0.4747924	5.295253
2016	-3804.552	-3948.947	144.3954	0.9198531	0.8091746	0.5007177	5.61288
2022	-3792.263	-3936.758	144.4944	0.9347154	0.8091746	0.3807819	5.669505
2028	-3788.306	-3933.178	144.872	0.898589	0.7958565	0.3885367	5.482107
2034	-3810.563	-3953.578	143.0145	0.8534956	0.8050893	0.4479429	6.453974
2040	-3804.915	-3948.975	144.0599	0.8680518	0.8050893	0.4479429	5.877172
2046	-3816.058	-3959.563	143.5042	0.7909086	0.8100324	0.4479429	6.218962
2052	-3813.503	-3958.632	145.1292	0.7711745	0.9451841	0.3805282	5.327993
2058	-3816.787	-3961.229	144.4416	0.8932532	0.6804951	0.3805282	5.809202
2064	-3806.523	-3951.291	144.7675	0.8816329	0.7499256	0.3805282	5.588143
2070	-3814.225	-3959.012	144.7865	0.8255514	0.8084818	0.3805282	5.569839
2076	-3807.137	-3951.437	144.3003	0.7921261	0.8872243	0.3805282	5.805831
2082	-3808.969	-3953.839	144.8702	0.9920116	1.076653	0.4225376	5.232342
2088	-3814.203	-3958.785	144.5818	0.9962348	1.040954	0.4357748	5.394668
2094	-3813.101	-3957.757	144.6555	0.9579358	1.040195	0.3690914	5.446134
2100	-3808.382	-3954.467	146.0855	0.9234591	1.040195	0.4150043	4.621395
2106	-3814.591	-3960.402	145.8109	1.080057	1.11651	0.4437129	4.617558
2112	-3809.86	-3955.24	145.3799	0.9492489	0.8713102	0.4437129	5.068606
2118	-3800.885	-3946.111	145.2267	0.9304267	0.7473582	0.3318162	5.366286
2124	-3814.222	-3958.952	144.7296	1.062329	0.965367	0.3158423	5.451744
2130	-3806.603	-3950.779	144.1757	0.813417	0.7795616	0.3594857	5.953069
2136	-3804.078	-3948.588	144.5097	0.817799	0.7795616	0.3594857	5.768106
2142	-3825.067	-3969.4	144.3337	0.8453584	0.6336226	0.5369097	5.77841
2148	-3825.972	-3971.023	145.0512	0.9115639	0.6336226	0.4823049	5.396981
2154	-3817.805	-3963.003	145.1982	1.02781	0.7795616	0.4376106	5.190534
2160	-3815.135	-3960.251	145.1156	0.8797929	0.7521914	0.3752949	5.401924
2166	-3814.316	-3957.738	143.4216	0.7090314	0.7521914	0.3727191	6.423481
2172	-3803.06	-3945.407	142.3472	0.7701296	0.7633551	0.3645307	6.972626
2178	-3795.296	-3940.795	145.4988	0.8852771	0.7633551	0.4175763	5.134307
2184	-3808.783	-3953.073	144.2896	0.8724657	0.8131392	0.3494702	5.848326
2190	-3804.675	-3949.066	144.3919	0.7789724	0.8131392	0.3452937	5.848326
2196	-3805.647	-3948.422	142.7752	0.664529	0.9472516	0.4910066	6.560556
2202	-3802.067	-3948.265	146.1982	0.9213341	0.8244825	0.4046013	4.698181
2208	-3807.661	-3953.767	146.1061	1.028435	0.9559516	0.5844646	4.439881
2214	-3811.014	-3957.337	146.3226	0.927907	0.8039976	0.4059386	4.636763
2220	-3803.427	-3948.601	145.1749	0.9254651	0.7926782	0.3813518	5.310296
2226	-3810.209	-3956.146	145.9373	0.9464608	0.7926782	0.5292974	4.729585
2232	-3804.525	-3948.274	143.7484	0.9197792	1.096674	0.494018	5.809398
2238	-3816.09	-3960.416	144.3258	0.8525028	1.096674	0.3841033	5.639182
2244	-3813.108	-3956.629	143.5211	0.7342044	0.8557753	0.4981046	6.165204
2250	-3810.843	-3955.832	144.9894	0.8685643	0.6162544	0.4030553	5.546665
2256	-3818.827	-3963.862	145.0346	0.8233737	0.6162544	0.4030553	5.546665
2262	-3810.086	-3955.302	145.2163	0.82443	0.7848543	0.4841707	5.244385
2268	-3801.213	-3945.123	143.9101	0.8573849	0.9157468	0.3705143	5.977525
2274	-3797.579	-3942.974	145.3949	0.9438571	0.9157468	0.4853981	4.996152
2280	-3806.393	-3951.774	145.3806	0.901311	0.8316284	0.5209933	5.046873
2286	-3814.497	-3958.598	144.1008	0.8328812	0.8316284	0.5334971	5.778703
2292	-3808.843	-3954.007	145.1645	0.8822655	0.8772521	0.5459541	5.126921
2298	-3805.225	-3950.367	145.142	0.9852754	0.9549762	0.4194044	5.155493
2304	-3818.351	-3962.191	143.8402	0.8940678	0.877273	0.5716915	5.827537
2310	-3803.185	-3947.292	144.1072	0.7867846	0.9304891	0.4708296	5.797513
2316	-3801.305	-3945.509	144.2048	0.7878743	0.9304891	0.4159631	5.797513
2322	-3801.105	-3945.219	144.1132	0.8503628	0.7740073	0.4159631	5.909973
2328	-3805.022	-3948.724	143.7026	0.8100603	0.7740073	0.4159631	6.155771
2334	-3806.559	-3951.076	144.5173	0.7945158	0.9484282	0.409381	5.61909
2340	-3808.392	-3952.534	144.1424	0.813293	0.7953734	0.3839511	5.933982
2346	-3811.391	-3954.77	143.379	0.924404	1.045981	0.4245975	6.101327
2352	-3810.587	-3956.399	145.8121	0.940677	0.903972	0.3968461	4.861813
2358	-3813.644	-3959.771	146.1277	1.02119	0.8462465	0.338593	4.742708
2364	-3817.754	-3963.304	145.5496	1.054167	0.8004606	0.7018808	4.742708
2370	-3811.309	-3958.143	146.8341	1.073422	0.7794642	0.4192521	4.268989
2376	-3808.428	-3954.867	146.4389	1.001346	0.7794642	0.5083023	4.445118
2382	-3807.037	-3950.804	143.7672	0.8694276	0.879671	0.4726856	5.966324
2388	-3806.581	-3949.519	142.9374	0.7867608	0.879671	0.5473139	6.396461
2394	-3812.801	-3956.823	144.0214	0.7683474	0.8156129	0.4872425	5.908755
2400	-3815.667	-3959.012	143.3445	0.8381173	0.9047707	0.3650738	6.308347
2406	-3807.885	-3951.709	143.8241	1.005944	0.9093309	0.3719243	5.94557
2412	-3816.744	-3961.659	144.9157	0.9109644	0.8874805	0.5953165	5.201401
2418	-3811.932	-3958.174	146.2425	0.9915199	0.8689095	0.3918215	4.619726
2424	-3807.58	-3952.376	144.796	1.03181	0.944483	0.3698451	5.380229
2430	-3812.478	-3959.213	146.735	1.14159	0.7292835	0.5153573	4.227009
2436	-3815.703	-3961.024	145.3219	0.9585327	0.8425675	0.4109145	5.146971
2442	-3818.897	-3964.089	145.1926	1.014625	0.9013936	0.3488622	5.220047
2448	-3809.382	-3954.083	144.7015	0.8919416	0.9013936	0.4114321	5.489661
2454	-3813.706	-3957.766	144.0594	1.037816	0.8407806	0.36538	5.848264
2460	-3805.615	-3949.84	144.2249	0.8914636	0.8676219	0.3418421	5.848264
2466	-3811.943	-3957.647	145.7033	1.03375	0.8676219	0.3418421	4.955044
2472	-3809.058	-3954.18	145.1222	0.9034878	0.9456829	0.349302	5.293871
2478	-3802.515	-3949.254	146.7391	1.111801	0.9686502	0.349302	4.260828
2484	-3794.687	-3940.654	145.9671	0.9658291	0.8824619	0.349302	4.828003
2490	-3793.889	-3936.996	143.1076	0.8681527	1.022455	0.349302	6.372726
2496	-3796.406	-3938.176	141.77	0.7638272	1.061454	0.508883	6.972216
2502	-3799.619	-3943.251	143.6315	0.9092036	0.9665425	0.4611627	5.979207
2508	-3800.474	-3944.868	144.3941	0.8308157	0.9665425	0.545853	5.528163
2514	-3803.221	-3948.53	145.3093	0.8653499	0.9956734	0.4973866	5.030242
2520	-3800.309	-3945.747	145.4377	0.9217498	0.8749419	0.5442412	4.956247
2526	-3801.999	-3947.041	145.0421	0.8955918	0.8749419	0.5442412	5.190206
2532	-3809.722	-3955.415	145.6936	0.9031999	0.914252	0.4549875	4.882681
2538	-3804.931	-3949.197	144.2659	0.8978599	0.9631402	0.4549875	5.64622
2544	-3818.638	-3962.339	143.7004	0.9588215	0.9631402	0.5897595	5.803865
2550	-3811.974	-3956.778	144.8035	0.8383598	1.085739	0.40782	5.364522
2556	-3799.642	-3943.65	144.0076	0.8498025	0.8213213	0.4956934	5.860484
2562	-3807.142	-3951.016	143.8741	0.7031225	0.811451	0.4852965	6.029201
2568	-3807.755	-3952.272	144.5173	0.8603701	0.7075468	0.4852965	5.66125
2574	-3804.708	-3949.996	145.2876	0.8634172	1.035972	0.5003294	5.018495
2580	-3806.694	-3951.595	144.9011	0.8790531	0.76295	0.5003294	5.387902
2586	-3806.381	-3952.503	146.1225	0.9875832	0.76295	0.4580382	4.689549
2592	-3802.33	-3947.279	144.9486	0.9228386	0.8515531	0.4178303	5.360217
2598	-3811.737	-3954.8	143.0631	0.8428083	0.8515531	0.4178303	6.434252
2604	-3805.428	-3949.273	143.8445	0.8331839	0.8164368	0.360454	6.098054
2610	-3812.57	-3957.68	145.1108	0.8637422	0.8164368	0.3807496	5.364947
2616	-3818.757	-3963.405	144.6486	0.8205322	0.8164368	0.4424856	5.578838
2622	-3817.756	-3960.591	142.835	0.6197126	0.8618214	0.4902164	6.603008
2628	-3815.874	-3959.925	144.0506	0.8106864	0.8618214	0.4902164	5.838186
2634	-3821.661	-3966.905	145.2439	1.049339	0.7345578	0.4902164	5.133174
2640	-3811.578	-3956.957	145.3797	0.8957945	0.7971072	0.4902164	5.100715
2646	-3815.655	-3961.402	145.7471	0.9081391	0.8927157	0.4091935	4.90974
2652	-3818.044	-3963.888	145.8449	0.9640686	0.8927157	0.4770117	4.755976
2658	-3814.845	-3960.246	145.4004	0.9640686	1.000671	0.4770117	4.94103
2664	-3823.221	-3968.605	145.3843	0.8911198	1.092759	0.4770117	4.94103
2670	-3816.395	-3961.227	144.8329	0.9888518	0.9533746	0.4218491	5.322784
2676	-3817.145	-3963.455	146.3099	0.9888518	1.080661	0.4218491	4.42955
2682	-3818.285	-3965.205	146.92	1.1871	1.096783	0.5109925	3.873238
2688	-3818.323	-3964.707	146.3842	0.9499746	0.7925336	0.5027009	4.50124
2694	-3812.318	-3958.487	146.1686	0.9499746	0.8969531	0.4233559	4.633542
2700	-3805.444	-3949.822	144.3778	0.9371644	0.8036247	0.4233559	5.690787
2706	-3811.764	-3956.404	144.6403	0.8745976	0.6902297	0.4240613	5.657726
2712	-3812.668	-3957.194	144.5267	0.8431846	0.9910701	0.2827758	5.711576
2718	-3813.457	-3958.12	144.6629	0.9887839	0.7010992	0.2827758	5.738192
2724	-3798.853	-3943.652	144.7992	1.017235	0.7010992	0.3380216	5.578674
2730	-3810.272	-3957.075	146.8029	1.017235	0.7234852	0.3236517	4.467054
2736	-3816.38	-3962.411	146.0314	1.018027	0.7234852	0.3236517	4.898496
2742	-3815.486	-3960.11	144.6238	1.012835	1.025601	0.3767049	5.432711
2748	-3815.559	-3959.518	143.9586	0.8108208	0.9530709	0.4310726	5.891335
2754	-3810.479	-3955.617	145.1371	0.8295375	0.8741322	0.5883786	5.137637
2760	-3812.567	-3957.344	144.7769	0.9180079	0.9346322	0.494608	5.332947
2766	-3804.289	-3947.094	142.805	0.8317382	0.7986733	0.494608	6.539798
2772	-3823.884	-3967.522	143.638	0.857794	0.878555	0.494608	6.023605
2778	-3813.091	-3958.366	145.2746	0.8598716	0.878555	0.494608	5.12329
2784	-3807.94	-3951.928	143.988	0.8814487	0.878555	0.4668962	5.845303
2790	-3801.975	-3947.845	145.8694	0.8799959	0.7703225	0.4556127	4.88833
2796	-3789.834	-3935.462	145.6285	0.9065281	0.9624866	0.4556127	4.88833
2802	-3797.371	-3943.141	145.77	0.9685005	0.8882134	0.4556127	4.818779
2808	-3804.42	-3949.586	145.1657	0.9771201	0.8067345	0.3734752	5.286406
2814	-3808.76	-3954.061	145.3012	1.009107	0.7315554	0.4113961	5.203398
2820	-3811.961	-3957.524	145.5626	0.9489131	0.9687703	0.4183339	4.935472
2826	-3810.719	-3955.68	144.9607	1.080998	1.130208	0.3684463	5.163698
2832	-3804.66	-3950.376	145.7156	1.076457	1.02487	0.3684463	4.802
2838	-3805.057	-3949.947	144.89	1.05634	1.02487	0.5503268	5.093782
2844	-3806.78	-3952.326	145.5463	0.9784356	0.990907	0.3398901	5.002907
2850	-3804.473	-3948.805	144.3317	1.009091	0.7342108	0.4267099	5.719477
2856	-3799.532	-3943.721	144.189	0.808217	1.047405	0.4267099	5.719477
2862	-3814.935	-3959.158	144.2229	0.8292308	0.9367172	0.4267099	5.750396
2868	-3817.918	-3961.365	143.4479	0.7624212	0.9367172	0.4449588	6.191718
2874	-3805.543	-3949.343	143.8004	0.9231967	0.983851	0.4449588	5.885408
2880	-3810.173	-3955.667	145.4946	1.038893	0.926836	0.5499558	4.82315
2886	-3816.777	-3963	146.2226	1.034507	0.8445295	0.4671851	4.544339
2892	-3804.353	-3950.376	146.023	0.9985672	1.016	0.5827348	4.470749
2898	-3805.736	-3949.685	143.9492	0.9383193	0.8896211	0.5513993	5.753187
2904	-3817.686	-3961.738	144.052	0.804548	1.106895	0.4870379	5.707492
2910	-3818.431	-3963.41	144.9787	0.9551106	1.036374	0.5556691	5.089939
2916	-3824.264	-3969.341	145.0766	0.9073891	0.8304531	0.5225497	5.211267
2922	-3806.923	-3952.737	145.8142	1.044219	0.8304531	0.5336261	4.715249
2928	-3797.431	-3941.358	143.9271	0.789101	0.8304531	0.4740097	5.951857
2934	-3806.825	-3950.421	143.5961	0.9560576	0.8132359	0.4740097	6.052206
2940	-3802.035	-3946.169	144.1339	0.9098993	0.8132359	0.4740097	5.783693
2946	-3803.572	-3947.076	143.5044	0.8811636	1.002448	0.3592519	6.149483
2952	-3796.572	-3940.872	144.2995	0.8465678	0.8232865	0.3648959	5.833071
2958	-3789.874	-3933.991	144.1162	0.7876886	0.941879	0.4222701	5.833071
2964	-3788.334	-3932.293	143.9589	0.8516817	0.9575094	0.4652001	5.833071
2970	-3796.564	-3940.838	144.2748	0.8233646	0.8030728	0.4009095	5.833071
2976	-3803.071	-3948.995	145.9236	1.007072	0.7659127	0.4009095	4.846397
2982	-3799.876	-3945.692	145.8157	1.122518	0.9048644	0.4592026	4.693562
2988	-3798.654	-3945.285	146.6307	0.998186	0.9048644	0.4813892	4.283381
2994	-3816.413	-3959.241	142.8276	0.7686504	1.180309	0.4813892	6.363631
3000	-3810.243	-3952.521	142.2783	0.7934743	0.9274882	0.4813892	6.779431
3006	-3795.109	-3939.09	143.9809	0.8490817	0.9274882	0.4615407	5.843068
3012	-3802.955	-3947.183	144.2284	0.8490817	0.9274882	0.3176146	5.863075
3018	-3808.538	-3953.281	144.7432	0.9515943	0.8388967	0.4514309	5.431676
3024	-3816.308	-3962.467	146.1592	1.023912	0.8408498	0.4514309	4.603759
3030	-3811.504	-3956.107	144.6033	1.023912	0.5510733	0.4247069	5.704012
3036	-3812.508	-3957.435	144.9265	0.9188556	0.6009652	0.4291703	5.538802
3042	-3798.014	-3942.799	144.7847	0.9069221	0.7128515	0.4291703	5.539361
3048	-3800.379	-3944.378	143.9993	0.8002157	0.9917914	0.5018684	5.786046
3054	-3809.292	-3951.893	142.6008	0.8579753	0.9397441	0.5095696	6.537871
3060	-3801.017	-3943.309	142.292	0.8138122	0.9397441	0.3827375	6.851682
3066	-3807.921	-3950.359	142.4381	0.9462614	0.9397441	0.366411	6.719034
3072	-3807.603	-3952.656	145.053	1.037901	0.9967201	0.4181308	5.153406
3078	-3804.209	-3949.44	145.2308	1.004996	0.926258	0.4393548	5.091742
3084	-3797.949	-3943.346	145.3967	1.022822	0.7677392	0.4316287	5.097272
3090	-3803.326	-3949.356	146.0299	0.9293939	0.9425308	0.4316287	4.687033
3096	-3801.919	-3949.087	147.1678	1.097404	0.9525448	0.4753169	3.89805
3102	-3807.378	-3952.279	144.9011	0.9130738	1.081088	0.489521	5.191233
3108	-3802.718	-3946.928	144.2104	0.8405174	1.093029	0.5226582	5.57585
3114	-3811.04	-3956.001	144.9617	0.9752655	0.9584576	0.6023508	5.092896
3120	-3815.152	-3960.928	145.7766	1.028553	0.8464999	0.6023508	4.676606
3126	-3813.134	-3958.732	145.5977	0.9883095	0.8310961	0.6023508	4.808921
3132	-3801.276	-3946.855	145.5793	1.044238	0.6953064	0.4025467	5.065028
3138	-3812.019	-3958.322	146.3034	1.044238	1.096247	0.490459	4.325366
3144	-3810.569	-3956.178	145.609	0.9542122	1.018294	0.4412931	4.855507
3150	-3811.709	-3957.328	145.6189	0.9320139	0.7575642	0.3579284	5.110887
3156	-3800.265	-3944.874	144.6089	0.9037477	0.9552564	0.5148408	5.403267
3162	-3795.613	-3941.39	145.7774	0.9654498	0.9126854	0.4001898	4.858537
3168	-3798.32	-3943.652	145.3321	0.9699643	1.093854	0.2786607	5.148784
3174	-3816.647	-3961.035	144.3873	0.8770762	1.155038	0.351999	5.598578
3180	-3813.737	-3957.529	143.7923	0.7763609	1.339011	0.3971803	5.844455
3186	-3804.918	-3948.352	143.4343	0.8125425	1.048134	0.4149494	6.140783
3192	-3804.103	-3948.279	144.1762	0.7641759	1.100295	0.4835566	5.668124
3198	-3805.604	-3952.006	146.4021	1.014345	0.9942834	0.4835566	4.348836
3204	-3798.621	-3944.077	145.456	0.9439824	0.8546212	0.4490204	5.034356
3210	-3802.477	-3947.206	144.729	0.8681335	0.8010141	0.4490204	5.511958
3216	-3798.803	-3942.037	143.2336	0.7660667	1.055465	0.4831437	6.205297
3222	-3810.397	-3953.069	142.6726	0.795964	1.207567	0.5188648	6.38636
3228	-3794.268	-3938.805	144.5374	0.8627706	1.207567	0.50552	5.342132
3234	-3795.864	-3940.891	145.0266	0.8504952	0.9465611	0.50552	5.215459
3240	-3792.8	-3938.753	145.9532	0.952684	0.760341	0.50552	4.760441
3246	-3806.219	-3951.338	145.1191	0.8933247	0.9968513	0.4420948	5.172472
3252	-3803.185	-3948.298	145.1128	0.8408258	0.9968513	0.4755531	5.172472
3258	-3805.994	-3948.816	142.8213	0.7833783	0.9968513	0.468272	6.46472
3264	-3804.323	-3947.229	142.906	0.7895261	0.9599682	0.5050756	6.402172
3270	-3800.933	-3945.977	145.0439	0.8657658	0.949778	0.4526611	5.245413
3276	-3801.635	-3945.348	143.7132	0.7820719	0.949778	0.4343067	6.039592
3282	-3805.928	-3949.286	143.3578	0.9711014	0.949778	0.4343067	6.130229
3288	-3797.459	-3942.233	144.7745	0.7918064	0.8065961	0.4343067	5.539861
3294	-3803.795	-3948.267	144.4719	0.8286832	0.8638691	0.4343067	5.649799
3300	-3805.557	-3949.312	143.7553	0.882856	0.945104	0.4115819	5.987316
3306	-3800.137	-3944.944	144.8071	0.896299	0.8250191	0.4115819	5.475914
3312	-3809.255	-3952.365	143.1105	0.8241202	0.8250191	0.3766458	6.478355
3318	-3797.599	-3941.928	144.3295	1.009197	0.8250191	0.472286	5.616168
3324	-3809.616	-3956.124	146.5077	0.9403263	0.8380792	0.3816251	4.530357
3330	-3801.979	-3945.318	143.3389	0.7646773	0.8380792	0.401275	6.352396
3336	-3801.278	-3944.67	143.3913	0.7813388	0.8380792	0.366416	6.352396
3342	-3813.41	-3957.835	144.4246	0.9669409	0.8525967	0.3255433	5.726249
3348	-3800.466	-3944.364	143.8974	0.8950124	1.124722	0.4408264	5.777733
3354	-3807.575	-3951.351	143.7754	0.974617	0.8296395	0.4087219	5.998179
3360	-3801.266	-3945.655	144.389	0.8918064	0.8296395	0.4996431	5.619698
3366	-3806.91	-3952.231	145.3216	0.9253279	0.8721203	0.4996431	5.060245
3372	-3797.643	-3943.346	145.7033	0.955577	0.8721203	0.4263875	4.90239
3378	-3815.77	-3960.832	145.0624	0.8471774	0.8721203	0.3377482	5.415089
3384	-3813.352	-3956.972	143.62	0.8901514	0.8759549	0.3139141	6.207248
3390	-3813.132	-3956.794	143.6624	0.8360508	0.8839802	0.315208	6.207248
3396	-3817.395	-3960.98	143.5846	0.8339035	1.031586	0.4132528	6.057771
3402	-3808.647	-3951.27	142.6231	0.7654289	0.8528639	0.4132528	6.718133
3408	-3812.713	-3957.12	144.4064	0.9703295	0.8610996	0.40857	5.636009
3414	-3818.085	-3962.589	144.5031	0.9741815	0.8610996	0.5071938	5.485331
3420	-3808.923	-3951.303	142.38	0.7987601	0.7593331	0.4211996	6.882577
3426	-3807.508	-3950.567	143.0592	0.84206	0.7593331	0.4211996	6.492094
3432	-3801.269	-3944.207	142.9383	0.7272985	1.002675	0.4211996	6.474319
3438	-3797.653	-3942.195	144.5423	0.8183736	0.9498762	0.4211996	5.579295
3444	-3793.163	-3938.182	145.0183	0.8948304	0.9498762	0.4211996	5.275015
3450	-3809.573	-3954.111	144.5383	0.9238618	0.8998525	0.3991121	5.57567
3456	-3806.128	-3951.432	145.3043	0.9528022	0.8998525	0.3991121	5.137235
3462	-3808.384	-3953.172	144.7878	0.8489346	0.8361387	0.439933	5.476727
3468	-3815.404	-3959.058	143.6546	0.8102844	0.8361387	0.439933	6.118007
3474	-3808.858	-3952.045	143.1863	0.8102844	0.9097499	0.439933	6.32831
3480	-3805.708	-3949.945	144.2365	0.8235538	0.8496995	0.439933	5.784702
3486	-3805.732	-3950.781	145.0485	0.8816849	0.7917607	0.4710316	5.313261
3492	-3807.007	-3952.178	145.1711	0.8816849	0.693514	0.4710316	5.313261
3498	-3799.766	-3942.652	142.8855	0.7195307	0.799819	0.5025347	6.549093
3504	-3807.463	-3950.71	143.2472	0.7896435	0.8911306	0.5025347	6.258753
3510	-3806.671	-3950.066	143.3949	0.7520979	0.8911306	0.4386914	6.258753
3516	-3812.906	-3957.107	144.2013	0.6959703	0.8228394	0.4899096	5.842971
3522	-3804.907	-3948.542	143.6351	0.8598669	0.803093	0.4899096	6.075127
3528	-3805.306	-3948.899	143.5931	0.7856569	0.9064048	0.4899096	6.075127
3534	-3828.549	-3974.611	146.0618	1.050107	0.8016411	0.5352885	4.590556
3540	-3822.683	-3968.037	145.3547	1.019882	0.9064048	0.6215882	4.864802
3546	-3817.938	-3964.087	146.1489	0.9486517	0.8345213	0.3704454	4.74167
3552	-3816.719	-3963.682	146.9637	1.052491	0.7360567	0.4698896	4.186041
3558	-3818.673	-3965.429	146.7555	1.143784	0.7360567	0.3477559	4.384023
3564	-3815.659	-3962.468	146.8088	1.066152	0.6544676	0.2976093	4.520736
3570	-3808.47	-3956.212	147.7425	1.077845	0.6544676	0.3070089	3.972466
3576	-3806.121	-3951.908	145.7869	1.067114	0.8700685	0.4489525	4.772024
3582	-3808.813	-3952.242	143.4293	0.799903	0.8700685	0.5168833	6.15403
3588	-3810.474	-3952.893	142.4193	0.8231543	0.950904	0.5168833	6.642173
3594	-3811.261	-3956.101	144.8396	1.056031	0.8218271	0.5021909	5.283894
3600	-3809.323	-3955.421	146.0982	0.9083355	0.6484167	0.3612378	4.932822
3606	-3819.071	-3963.297	144.2261	0.9000154	0.8314951	0.431146	5.768677
3612	-3819.596	-3962.719	143.1226	0.8308198	0.8314951	0.431146	6.407523
3618	-3803.543	-3947.225	143.6828	0.7809987	0.8314951	0.431146	6.130221
3624	-3805.649	-3950.217	144.5684	0.8819851	0.9316079	0.3794291	5.584739
3630	-3795.261	-3940.811	145.5494	0.8961795	0.8489325	0.4092426	5.053187
3636	-3799.904	-3944.012	144.1077	0.8681044	0.8141336	0.4830278	5.811886
3642	-3806.493	-3951.58	145.0872	0.8500676	0.8652051	0.4924672	5.242592
3648	-3804.31	-3949.023	144.713	0.9574258	0.9838481	0.5819967	5.242592
3654	-3806.37	-3950.455	144.0853	0.8583957	1.305178	0.4296154	5.620525
3660	-3798.307	-3941.719	143.412	0.8069515	0.8520806	0.4248427	6.25698
3666	-3803.794	-3947.624	143.8299	0.7543595	0.8950835	0.4248427	6.032223
3672	-3802.258	-3945.072	142.8133	0.9319085	1.084312	0.4057119	6.404085
3678	-3805.576	-3949.839	144.2632	0.9265076	1.084312	0.3804735	5.643212
3684	-3809.944	-3951.544	141.6001	0.782752	0.8372532	0.3907912	7.292397
3690	-3806.309	-3950.297	143.9878	0.8112182	1.038387	0.4585585	5.80138
3696	-3811.99	-3955.772	143.7812	0.7372043	1.020701	0.2996537	6.13857
3702	-3807.639	-3952.461	144.8212	0.9160949	0.947661	0.4748857	5.32044
3708	-3809.579	-3954.219	144.6403	1.039757	0.8330374	0.4748857	5.420996
3714	-3805.082	-3951.864	146.7818	1.130167	0.9615043	0.5445171	4.030248
3720	-3805.989	-3952.469	146.4807	1.07316	0.9615043	0.5119469	4.263307
3726	-3792.458	-3938.407	145.9487	0.9713578	0.6468771	0.5119469	4.828897
3732	-3799.056	-3944.933	145.8765	0.9184927	0.9068267	0.4039599	4.828897
3738	-3812.591	-3955.413	142.8219	0.7909829	0.9068267	0.4890284	6.491766
3744	-3820.24	-3963.552	143.3118	0.8516906	1.198754	0.4454239	6.080523
3750	-3817.806	-3964.494	146.6882	1.046068	1.017014	0.5234493	4.118595
3756	-3799.302	-3945.585	146.2834	0.9120977	0.9215923	0.4281876	4.570528
3762	-3794.022	-3938.04	144.0174	0.7453128	0.831538	0.4342114	5.964212
3768	-3804.623	-3948.831	144.2077	0.7494489	0.9180888	0.4342114	5.805648
3774	-3791.688	-3934.616	142.928	0.6997656	0.7882689	0.4342114	6.60825
3780	-3795.827	-3939.833	144.0056	0.7553497	0.6488931	0.4342114	6.089942
3786	-3803.885	-3947.641	143.756	0.8931152	0.7704106	0.4786002	6.022842
3792	-3806.95	-3951.95	144.9996	0.8743952	0.6975349	0.4552943	5.424092
3798	-3806.306	-3951.403	145.0975	0.8743952	0.7986101	0.4401782	5.315819
3804	-3808.877	-3952.9	144.0229	0.9050132	0.811013	0.4011325	5.920806
3810	-3811.078	-3954.767	143.6894	0.9223844	0.8276852	0.5169145	5.971604
3816	-3808.392	-3954.168	145.7763	0.8509378	0.8656607	0.5169145	4.837034
3822	-3802.268	-3947.204	144.9359	1.015707	0.8309667	0.5502438	5.204732
3828	-3798.181	-3943.675	145.4939	0.8022605	0.8309667	0.3570615	5.204732
3834	-3798.875	-3943.43	144.5549	0.8071051	0.8599557	0.4675455	5.586084
3840	-3797.807	-3942.223	144.4156	0.9001508	0.8565318	0.4970949	5.586084
3846	-3804.401	-3949.893	145.4923	0.9161393	0.8565318	0.4970949	4.982572
3852	-3808.722	-3955.058	146.3362	1.081129	1.029969	0.495448	4.317051
3858	-3811.859	-3955.57	143.7115	0.8442853	1.029969	0.6254254	5.79566
3864	-3804.821	-3949.414	144.5934	0.9261663	0.8771147	0.6137509	5.362561
3870	-3807.83	-3951.524	143.6949	0.7948148	1.029627	0.4408254	5.992308
3876	-3810.016	-3953.759	143.7433	0.8264741	1.111066	0.4408254	5.906336
3882	-3803.272	-3947.006	143.7336	0.8895851	1.111066	0.4118827	5.906336
3888	-3801.459	-3945.793	144.3343	0.8820281	1.075639	0.4118827	5.599666
3894	-3821.476	-3965.969	144.4935	0.8793621	1.075639	0.4131067	5.512412
3900	-3815.528	-3961.941	146.4129	0.9929017	0.7622294	0.4690966	4.513362
3906	-3803.509	-3947.988	144.4789	0.7617962	0.7962619	0.4669193	5.693484
3912	-3804.301	-3949.493	145.1916	0.9301785	1.093057	0.4518271	5.050588
3918	-3799.227	-3944.77	145.5429	0.9157108	0.8117814	0.4275952	5.050588
3924	-3786.502	-3932.266	145.7644	0.933195	0.8249111	0.4275952	4.90928
3930	-3796.962	-3942.935	145.9734	0.9134659	0.9133345	0.4175983	4.759317
3936	-3794.106	-3939.308	145.2014	0.9143814	0.8758072	0.4056154	5.223063
3942	-3803.29	-3948.525	145.2346	0.7669876	0.6397102	0.4056154	5.44685
3948	-3801.206	-3945.643	144.4372	0.9128216	0.8863379	0.4056154	5.638417
3954	-3797.531	-3942.5	144.9688	0.9897404	0.8005127	0.4766734	5.286567
3960	-3806.417	-3951.48	145.0633	0.8649886	0.9546913	0.4427841	5.242029
3966	-3805.627	-3950.694	145.0666	0.8944244	0.8510257	0.488405	5.242029
3972	-3797.385	-3941.172	143.7866	0.8259517	0.8510257	0.4456716	6.022734
3978	-3805.04	-3949.878	144.8375	0.9220685	1.098644	0.3804407	5.322335
3984	-3817.403	-3962.054	144.6505	0.8258509	0.9305923	0.481138	5.468215
3990	-3804.769	-3948.713	143.9438	0.8857178	1.027254	0.5673868	5.693622
3996	-3804.318	-3947.458	143.1404	0.7876873	1.027254	0.5673868	6.185797
4002	-3812.292	-3958.284	145.9922	0.9710067	0.7898082	0.3912398	4.822693
4008	-3803.265	-3947.924	144.659	0.8448491	1.05785	0.4801902	5.383534
4014	-3809.831	-3955.045	145.2132	1.048007	1.05785	0.4493098	4.994157
4020	-3815.309	-3960.477	145.1679	0.9031606	0.7978293	0.3908366	5.31276
4026	-3800.835	-3944.966	144.1308	0.792528	0.8691403	0.3908366	5.898065
4032	-3794.748	-3938.801	144.0534	0.8182422	0.8535606	0.4272039	5.898065
4038	-3802.481	-3947.449	144.9675	0.900091	0.8969781	0.4272039	5.324992
4044	-3793.324	-3938.029	144.7053	0.9721063	0.8513437	0.5174917	5.371952
4050	-3790.906	-3936.318	145.4124	0.9569788	0.9038754	0.5177571	4.956536
4056	-3790.564	-3936.194	145.63	0.9489496	0.9212594	0.4039953	4.940613
4062	-3800.238	-3943.282	143.0445	0.9516446	0.9212594	0.4039953	6.358167
4068	-3800.969	-3945.358	144.3885	0.8683809	0.8355536	0.4258948	5.699766
4074	-3808.99	-3953.36	144.3702	0.8215643	0.7965884	0.4360261	5.750107
4080	-3799.224	-3944.008	144.7841	0.9306444	0.8301445	0.4258948	5.451707
4086	-3804.22	-3949.165	144.9453	0.9268752	0.7015588	0.4389658	5.438247
4092	-3807.084	-3951.735	144.6509	0.948105	1.047579	0.4235704	5.391927
4098	-3802.336	-3947.445	145.1093	1.000745	1.055144	0.4040717	5.12579
4104	-3799.756	-3944.62	144.8638	0.8829161	0.9094702	0.4027963	5.409513
4110	-3809.073	-3952.297	143.2248	0.8451348	0.9094702	0.5108259	6.22263
4116	-3797.184	-3939.989	142.8051	0.7271347	0.9280442	0.5108259	6.503634
4122	-3804.597	-3947.44	142.8433	0.8480271	0.8742178	0.5210923	6.439956
4128	-3814.632	-3958.454	143.8223	0.8988258	0.8742178	0.5210923	5.879535
4134	-3822.61	-3966.417	143.8063	0.8161633	0.9096638	0.4645624	5.963941
4140	-3811.635	-3956.177	144.5419	0.9175565	1.197582	0.4988715	5.320243
4146	-3802.408	-3946.798	144.3895	0.9293949	0.9381679	0.3830494	5.649158
4152	-3810.892	-3954.308	143.4161	0.8914605	0.8530872	0.3830494	6.251714
4158	-3818.159	-3961.381	143.2223	0.7046681	0.7237833	0.3830494	6.541936
4164	-3807.061	-3951.422	144.3615	0.8628836	1.005548	0.3830494	5.663227
4170	-3825.348	-3969.858	144.5097	0.7881582	0.9210518	0.3037538	5.763502
4176	-3808.335	-3951.876	143.5413	0.8282922	0.7932004	0.3482729	6.294286
4182	-3805.778	-3950.294	144.5157	0.8408423	0.7932004	0.3482729	5.756124
4188	-3825.702	-3970.653	144.9519	0.8707944	0.9266285	0.3423404	5.424997
4194	-3813.26	-3958.997	145.7371	0.9289275	0.7510482	0.3314519	5.082789
4200	-3813.628	-3958.43	144.802	0.9120005	0.7365349	0.4760187	5.464853
4206	-3803.801	-3948.264	144.4634	0.8187367	0.8512428	0.469064	5.633847
4212	-3801.268	-3943.868	142.6004	0.706888	0.8940585	0.5153545	6.64114
4218	-3805.44	-3950.247	144.8069	0.8405223	0.7422538	0.5202046	5.45726
4224	-3801.738	-3945.269	143.5314	0.8686782	0.8912496	0.5202046	6.045351
4230	-3802.203	-3945.197	142.9943	0.7940458	0.9740095	0.6246896	6.245218
4236	-3816.674	-3960.288	143.6141	0.7726651	0.9204468	0.6246896	5.949673
4242	-3814.338	-3960.563	146.2247	0.9159912	1.046062	0.4516378	4.506696
4248	-3807.923	-3952.874	144.9516	0.9159912	0.873915	0.3823693	5.386254
4254	-3813.274	-3959.271	145.997	0.90389	0.706127	0.4432947	4.860935
4260	-3817.758	-3962.012	144.2541	0.8314628	0.7885462	0.4115024	5.838321
4266	-3820.644	-3966.467	145.8225	0.9346181	0.9515594	0.4115024	4.815669
4272	-3820.553	-3966.11	145.5565	0.8907157	0.8546405	0.5705921	4.897545
4278	-3818.175	-3965.325	147.1506	1.130318	0.6409793	0.5705921	4.014283
4284	-3806.179	-3952.673	146.4944	1.092551	1.043699	0.4584474	4.249283
4290	-3797.894	-3942.641	144.7469	0.9233812	0.7268031	0.4584474	5.512447
4296	-3796.009	-3941.78	145.7711	0.9152318	0.7268031	0.4584474	4.950681
4302	-3812.068	-3956.759	144.6912	0.9455847	0.840573	0.4916373	5.424429
4308	-3802.095	-3945.575	143.4798	0.7636731	0.840573	0.4060273	6.269942
4314	-3809.66	-3952.73	143.0695	0.6779776	0.840573	0.4060273	6.538915
4320	-3806.852	-3951.496	144.6446	0.744198	0.8828496	0.4120058	5.612567
4326	-3803.803	-3947.622	143.8192	0.7325962	0.8383355	0.4459955	6.063355
4332	-3803.191	-3948.46	145.2695	0.869993	1.000202	0.4459955	5.096344
4338	-3802.213	-3946.591	144.3783	0.9496776	0.9719904	0.4290354	5.57674
4344	-3800.33	-3945.516	145.1862	0.9415218	0.9719904	0.4648509	5.100212
4350	-3794.489	-3940.59	146.1005	1.061999	0.9719904	0.4648509	4.522762
4356	-3799.473	-3945.216	145.7422	1.066038	0.8987316	0.429219	4.799959
4362	-3809.682	-3956.896	147.2138	1.118648	1.005903	0.4289015	3.875615
4368	-3815.39	-3962.722	147.3322	1.174046	0.7520904	0.4897848	3.875615
4374	-3813.768	-3960.542	146.7745	1.085493	0.7125829	0.4897848	4.272341
4380	-3810.528	-3955.517	144.9883	1.024751	0.8168326	0.5252738	5.20148
4386	-3815.255	-3961.82	146.5653	1.065145	0.8057035	0.4220917	4.404928
4392	-3806.696	-3952.822	146.1267	1.064438	0.8609467	0.3682675	4.675048
4398	-3814.973	-3960.422	145.449	0.9865287	1.13273	0.4581987	4.849496
4404	-3806.093	-3952.179	146.0856	0.8920774	0.8631161	0.4304493	4.725936
4410	-3815.652	-3962.202	146.5501	0.8903066	0.9389558	0.4304493	4.420094
4416	-3811.932	-3957.231	145.2992	1.072802	1.081982	0.519352	4.853765
4422	-3806.824	-3950.867	144.0425	0.8877741	0.9196215	0.3507568	5.908711
4428	-3808.782	-3953.083	144.3009	0.7577144	0.7841372	0.4459233	5.821334
4434	-3802.896	-3947.783	144.8873	0.853693	0.935607	0.3679276	5.435381
4440	-3810.088	-3955.827	145.7398	1.046367	1.05631	0.4185907	4.733681
4446	-3806.529	-3952.413	145.8836	0.9576707	0.8446592	0.5135917	4.733681
4452	-3816.435	-3962.06	145.6247	0.9852412	0.8446592	0.6299833	4.764903
4458	-3811.415	-3956.98	145.5654	0.9966181	1.005445	0.4310634	4.873624
4464	-3809.336	-3952.363	143.0267	0.8092709	0.8997473	0.4190484	6.442095
4470	-3795.778	-3937.991	142.2127	0.7344427	0.8997473	0.4079768	6.93374
4476	-3809.507	-3954.468	144.9611	0.877209	1.114165	0.4079768	5.241341
4482	-3812.473	-3956.918	144.4453	0.8611381	1.04641	0.4079768	5.569612
4488	-3811.205	-3955.653	144.4479	0.8707595	1.058458	0.4717641	5.493092
4494	-3809.98	-3953.628	143.6479	0.9159514	1.000882	0.4828907	5.927224
4500	-3822.104	-3967.408	145.3045	0.8956713	0.8667304	0.3395298	5.25593
4506	-3808.987	-3954.164	145.177	0.8510929	0.8667304	0.5321281	5.155761
4512	-3801.815	-3947.457	145.6423	0.9549123	0.96863	0.5321281	4.778849
4518	-3801.84	-3948.311	146.4717	0.9446492	0.96863	0.4338464	4.412831
4524	-3813.589	-3957.653	144.0644	0.9849356	0.9251924	0.4435329	5.741858
4530	-3807.234	-3952.788	145.5538	0.9936441	0.8509975	0.6174326	4.805707
4536	-3798.988	-3943.517	144.5289	0.9929356	0.8425837	0.4633732	5.513032
4542	-3804.693	-3950.661	145.968	0.915342	0.8425837	0.4137341	4.808899
4548	-3803.408	-3947.437	144.0298	0.975053	0.8425837	0.4750331	5.785573
4554	-3806.689	-3950.609	143.9196	0.8187425	0.8425837	0.4128834	5.992181
4560	-3811.17	-3954.529	143.3588	0.8984633	0.8425837	0.3617033	6.308947
4566	-3809.895	-3953.628	143.7334	0.9607572	1.043524	0.3617033	5.956541
4572	-3802.373	-3946.419	144.0456	0.8175563	0.688533	0.4850088	5.956541
4578	-3794.436	-3939.099	144.6636	0.951759	0.8791128	0.4208318	5.481247
4584	-3792.011	-3937.715	145.7045	0.8478835	0.9747425	0.4208318	4.906764
4590	-3804.346	-3949.225	144.8783	0.8510652	0.9284902	0.5795496	5.243646
4596	-3793.67	-3937.537	143.867	0.9790969	0.9284902	0.4446887	5.849986
4602	-3792.618	-3938.723	146.1051	0.9839469	0.9284902	0.3625002	4.697726
4608	-3794.513	-3939.946	145.4334	0.9285491	0.8809302	0.3675975	5.125215
4614	-3802.285	-3949.58	147.2945	1.168392	0.8809302	0.4326016	3.871809
4620	-3797.755	-3945.227	147.4729	1.184511	0.8834803	0.4727261	3.71726
4626	-3805.217	-3952.642	147.4248	1.184511	0.8834803	0.5012826	3.71726
4632	-3807.152	-3952.259	145.1077	1.082007	0.8834803	0.6611901	4.951001
4638	-3812.806	-3956.143	143.3363	0.7998187	0.9002967	0.4879161	6.212595
4644	-3816.223	-3959.363	143.1401	0.7923848	0.7905652	0.4479044	6.428365
4650	-3805.382	-3949.334	143.9514	0.769229	0.9486866	0.3728366	5.981596
4656	-3808.817	-3955.445	146.6277	0.8547847	0.9486866	0.377801	4.447484
4662	-3800.799	-3945.599	144.7997	0.7988321	0.7627247	0.5017961	5.48674
4668	-3803.524	-3949.403	145.8792	0.9897351	0.7627247	0.4074172	4.876056
4674	-3793.467	-3939.438	145.9706	0.9897351	0.9751921	0.3823545	4.720136
4680	-3793.785	-3939.132	145.347	0.9431988	0.7439428	0.4189441	5.198115
4686	-3807.008	-3952.023	145.015	0.8599481	1.086274	0.4445148	5.198115
4692	-3798.958	-3944.554	145.5961	0.8542039	0.866306	0.4376553	5.010503
4698	-3808.084	-3951.283	143.1992	0.779313	0.866306	0.4376553	6.366136
4704	-3806.121	-3950.09	143.9684	0.7383828	0.866306	0.4376553	5.969851
4710	-3798.287	-3943.4	145.1128	0.8883831	0.9126175	0.4376553	5.231353
4716	-3809.828	-3955.042	145.2142	0.9610953	0.8237417	0.4607689	5.166948
4722	-3798.153	-3943.721	145.5677	0.8251717	0.650559	0.4607689	5.166948
4728	-3804.355	-3949.73	145.3755	0.8113587	0.8447932	0.4167911	5.19129
4734	-3803.849	-3949.689	145.8402	0.8673925	0.8334416	0.4167911	4.909462
4740	-3798.248	-3941.777	143.5288	0.8597018	0.8308391	0.4274781	6.175234
4746	-3798.43	-3943.099	144.6692	0.8737972	0.8308391	0.4274781	5.544089
4752	-3820.808	-3964.429	143.6211	0.8505183	1.08681	0.3917344	6.02254
4758	-3814.777	-3959.205	144.4279	0.9239496	0.9196438	0.3503175	5.678514
4764	-3809.661	-3952.255	142.5949	0.7566939	0.9196438	0.4278978	6.68384
4770	-3811.127	-3953.976	142.8492	0.8018562	0.9196438	0.4628971	6.487843
4776	-3816.408	-3960.771	144.3623	0.9651091	1.121874	0.5471508	5.387745
4782	-3806.388	-3953.393	147.0052	1.122756	0.8596066	0.4637404	4.045223
4788	-3807.157	-3954.885	147.728	1.089507	0.7660232	0.4302159	3.746748
4794	-3808.237	-3952.551	144.3132	0.8987961	0.9514659	0.3865034	5.696393
4800	-3808.739	-3955.55	146.8109	1.049018	0.760651	0.2992164	4.44985
4806	-3808.629	-3955.182	146.5532	1.188275	1.031533	0.6272496	4.017554
4812	-3808.551	-3954.966	146.4147	1.054615	1.059746	0.4752976	4.290574
4818	-3813.688	-3958.471	144.7829	0.9419252	0.8550885	0.4752976	5.382157
4824	-3803.738	-3949.042	145.3041	0.8475497	0.6425489	0.3867783	5.382157
4830	-3801.601	-3946.11	144.5088	0.8055728	0.608021	0.4127027	5.841044
4836	-3793.714	-3938.597	144.8827	0.8426072	0.6564927	0.4127027	5.578668
4842	-3797.563	-3942.506	144.9431	0.8010724	0.7140922	0.4127027	5.526489
4848	-3787.93	-3932.851	144.9213	0.9389471	0.9294788	0.4045391	5.333352
4854	-3803.485	-3947.281	143.796	0.8351011	1.028163	0.4045391	5.952691
4860	-3801.682	-3945.993	144.3115	0.8322238	0.7178417	0.5039886	5.76511
4866	-3812.191	-3957.013	144.8223	0.849989	0.7441129	0.3851074	5.574408
4872	-3807.429	-3951.53	144.1015	0.7736423	0.8782912	0.3851074	5.925007
4878	-3811.31	-3955.24	143.9298	0.7034171	0.790344	0.4908676	6.007148
4884	-3798.006	-3941.359	143.3537	0.8422651	0.7470508	0.4371772	6.32457
4890	-3803.261	-3947.394	144.1329	0.7783534	0.7649335	0.4371772	5.923143
4896	-3809.329	-3953.886	144.557	0.8949328	0.7649335	0.5488459	5.52454
4902	-3801.142	-3947.448	146.3054	0.9603596	0.7478654	0.5633202	4.516262
4908	-3812.03	-3959.327	147.2966	1.169632	0.7478654	0.5633202	3.834142
4914	-3812.559	-3959.053	146.4935	1.131603	0.8072771	0.3964984	4.434317
4920	-3809.774	-3957.01	147.2368	0.9828092	0.7206571	0.3788271	4.177523
4926	-3800.683	-3946.139	145.4563	0.9336925	0.8226924	0.3788271	5.133492
4932	-3806.405	-3951.309	144.9032	0.9540278	0.8201888	0.5085723	5.300377
4938	-3816.619	-3960.778	144.1581	0.8456378	0.8767467	0.3247528	5.924612
4944	-3806.203	-3952.285	146.082	0.9736036	1.039717	0.446448	4.563127
4950	-3803.076	-3948.603	145.5265	0.8294424	0.8148561	0.4927531	5.042213
4956	-3795.793	-3940.935	145.1419	0.9243552	1.09329	0.4927531	5.042213
4962	-3801.581	-3947.172	145.5918	0.9081607	0.9946828	0.412442	4.93344
4968	-3799.912	-3943.375	143.4628	0.8279924	0.8908021	0.412442	6.20718
4974	-3808.488	-3953.789	145.3015	0.9290387	0.6500802	0.406239	5.312077
4980	-3806.031	-3951.276	145.2452	0.8584444	0.7896105	0.4719017	5.218064
4986	-3800.177	-3945.181	145.0046	0.8466571	0.7896105	0.5614484	5.277461
4992	-3805.653	-3951.613	145.9598	0.9215894	0.8537515	0.4865938	4.730467
4998	-3812.183	-3955.655	143.4716	0.9255075	0.7334609	0.5793924	6.097567
5004	-3812.787	-3958.021	145.2337	0.9231874	0.8322338	0.4126539	5.220081
5010	-3820.845	-3965.299	144.4541	0.9354078	1.118359	0.4847287	5.410969
5016	-3815.191	-3961.855	146.6639	0.9804275	0.8123171	0.4218769	4.392973
5022	-3807.459	-3952.826	145.3667	0.8900175	0.8123171	0.4218769	5.168005
5028	-3817.993	-3962.949	144.9563	0.8894688	0.8500237	0.5495296	5.251895
5034	-3819.345	-3965.482	146.1372	1.052722	0.9087367	0.4068296	4.603826
5040	-3805.23	-3947.951	142.7218	0.7826557	0.7522959	0.4367291	6.696066
5046	-3810.638	-3955.42	144.7816	0.8191227	0.691885	0.4249132	5.60855
5052	-3815.033	-3960.916	145.8831	1.103808	0.9275133	0.428533	4.683606
5058	-3808.495	-3953.005	144.5103	0.8186703	0.9532849	0.4445668	5.571275
5064	-3811.613	-3954.692	143.0781	0.8775841	0.9977207	0.3451914	6.401654
5070	-3801.429	-3945.304	143.8746	0.7933918	0.8236119	0.347136	6.11398
5076	-3803.402	-3946.762	143.3601	0.8732283	0.8236119	0.5963907	6.11398
5082	-3808.954	-3953.464	144.5104	0.9191179	0.6757638	0.4516487	5.687609
5088	-3807.5	-3951.582	144.0819	0.8957125	1.008191	0.4512252	5.726928
5094	-3813.254	-3958.098	144.8436	0.8683236	0.8018929	0.4512252	5.446079
5100	-3819.331	-3964.027	144.6965	0.8003112	1.000463	0.4512252	5.446079
5106	-3816.762	-3961.149	144.3875	0.829233	0.9521155	0.4512252	5.627055
5112	-3818.564	-3962.834	144.2702	0.9133027	0.9521155	0.5024831	5.597185
5118	-3821.035	-3965.064	144.029	0.8554838	0.9623977	0.4562036	5.798455
5124	-3809.466	-3953.663	144.1967	0.8713596	0.9623977	0.3796505	5.776528
5130	-3795.667	-3940.382	144.7148	0.8173099	0.9195253	0.5410798	5.390214
5136	-3810.749	-3956.41	145.6611	0.8920943	0.9274872	0.4473588	4.906673
5142	-3817.677	-3963.654	145.977	0.8374036	0.7921421	0.4249043	4.868384
5148	-3812.588	-3957.283	144.6952	0.7653166	0.9619568	0.4249043	5.513743
5154	-3799.6	-3944.45	144.8493	0.8983093	0.8825512	0.3706448	5.46002
5160	-3798.24	-3943.066	144.8256	0.9422933	0.8357752	0.3867171	5.46002
5166	-3805.182	-3950.939	145.7573	0.9838561	0.8968845	0.4672185	4.800683
5172	-3813.352	-3957.253	143.9017	0.774048	0.8624302	0.3643507	6.066176
5178	-3820.776	-3963.476	142.7004	0.8669593	0.8624302	0.57824	6.466312
5184	-3798.955	-3942.402	143.4473	0.7815994	0.9490037	0.4434188	6.176134
5190	-3793.23	-3936.66	143.4301	0.8501481	0.9761818	0.5117264	6.069369
5196	-3803.922	-3946.715	142.7928	0.7941224	0.9761818	0.5066982	6.450589
5202	-3795.837	-3938.913	143.0765	0.8664601	0.9761818	0.3196023	6.450589
5208	-3793.304	-3937.178	143.8734	0.908524	0.7829072	0.5249859	5.900372
5214	-3811.159	-3955.029	143.8701	0.8973105	0.7829072	0.5340656	5.900372
5220	-3796.88	-3940.853	143.973	0.8801556	0.9052804	0.4044845	5.900372
5226	-3805.222	-3949.661	144.4392	0.9447765	0.9052804	0.4044845	5.609685
5232	-3798.659	-3942.387	143.7285	0.8625375	0.9347341	0.4044845	6.026292
5238	-3799.52	-3944.117	144.5968	1.032922	0.9347341	0.5172748	5.348345
5244	-3801.058	-3947.247	146.1886	1.069149	0.812495	0.3411046	4.700513
5250	-3790.966	-3935.998	145.0323	0.8925395	0.9432708	0.4328622	5.260471
5256	-3802.186	-3947.24	145.0536	0.9339272	0.9432708	0.3416572	5.325272
5262	-3813.473	-3956.636	143.163	0.7296133	0.8729866	0.3385663	6.514647
5268	-3817.192	-3962.318	145.1259	0.859983	0.8729866	0.4637938	5.238018
5274	-3807.616	-3951.959	144.3431	0.8547938	1.008604	0.5847137	5.487249
5280	-3799.84	-3944.728	144.8883	0.9572103	0.7547274	0.4919792	5.365107
5286	-3799.994	-3945.843	145.8496	0.9745094	0.9887796	0.3482278	4.827601
5292	-3807.259	-3950.03	142.7708	0.8254746	0.9892643	0.3977419	6.543271
5298	-3805.693	-3949.679	143.9856	0.8826728	0.7538871	0.5176462	5.878897
5304	-3801.868	-3947.612	145.7445	0.9979533	0.8217381	0.580964	4.745149
5310	-3806.287	-3950.64	144.3525	0.7501874	0.8472442	0.3768218	5.828581
5316	-3810.962	-3956.185	145.2236	0.9381638	0.9475549	0.505762	5.057003
5322	-3816.935	-3961.977	145.0418	0.9568979	0.970954	0.5269119	5.115093
5328	-3807.718	-3952.414	144.6954	0.9660476	0.9482765	0.5269119	5.314493
5334	-3825.126	-3968.842	143.7167	0.8788729	1.255662	0.5225619	5.746561
5340	-3814.243	-3958.289	144.0455	0.7624242	1.055036	0.5292035	5.723162
5346	-3817.223	-3958.721	141.498	0.780339	1.055036	0.5194186	7.103821
5352	-3806.361	-3950.336	143.9756	0.7854658	1.055036	0.412917	5.858751
5358	-3801.614	-3945.577	143.9635	0.9657266	0.7500894	0.3539291	6.011665
5364	-3809.502	-3952.778	143.2756	0.8134093	0.765547	0.5806883	6.242569
5370	-3813.991	-3958.716	144.7249	0.9489732	0.7605075	0.5815035	5.378086
5376	-3814.001	-3959.096	145.0947	0.9277116	0.7403903	0.3908606	5.378086
5382	-3822.24	-3967.382	145.142	0.8678175	1.074942	0.5483101	5.033515
5388	-3822.793	-3968.217	145.4242	0.806019	0.9538177	0.4861156	5.033515
5394	-3817.276	-3962.37	145.0945	1.006956	1.067719	0.4861156	5.042231
5400	-3820.655	-3967.74	147.0846	1.015601	0.7635719	0.4490958	4.139684
5406	-3813.466	-3959.699	146.2334	0.9060113	0.9432544	0.4300358	4.587299
5412	-3807.328	-3953.871	146.5433	1.002158	0.9432544	0.4167208	4.372662
5418	-3811.647	-3956.51	144.8633	0.8888505	0.7864557	0.3844656	5.502847
5424	-3814.1	-3958.075	143.9754	0.8059145	0.8285503	0.3524637	6.043004
5430	-3803.704	-3947.307	143.6036	0.8339862	0.8285503	0.4829344	6.096674
5436	-3809.964	-3954.528	144.5638	0.900813	1.005621	0.4829344	5.430667
5442	-3806.45	-3951.295	144.8455	0.9135732	1.009801	0.5283191	5.224825
5448	-3801.176	-3945.523	144.3477	0.8843545	1.009801	0.5283191	5.515392
5454	-3808.125	-3952.989	144.8643	0.9179373	1.083522	0.5283191	5.17255
5460	-3809.067	-3953.419	144.3525	0.8284448	1.105402	0.5626114	5.463717
5466	-3817.844	-3960.831	142.9866	0.92891	1.105402	0.5626114	6.156066
5472	-3824.948	-3967.853	142.905	0.7611138	0.830279	0.427311	6.567712
5478	-3829.585	-3972.168	142.5834	0.8325043	1.285192	0.3322834	6.567712
5484	-3802.957	-3946.692	143.7346	0.8862373	1.006127	0.4216154	5.952584
5490	-3795.576	-3938.854	143.2778	0.8560635	1.006127	0.5852552	6.070576
5496	-3788.778	-3933.806	145.0278	0.9216772	1.006127	0.3565564	5.293573
5502	-3799.079	-3943.141	144.0628	0.9502444	0.674582	0.3982346	5.970352
5508	-3808.238	-3953.967	145.729	0.8435516	0.674582	0.5469395	4.970541
5514	-3802.386	-3947.869	145.4833	1.017328	0.9886798	0.4896737	4.859952
5520	-3812.181	-3955.539	143.3585	0.8072442	0.9059846	0.4353677	6.243117
5526	-3799.307	-3943.935	144.6285	0.9088507	0.8980067	0.4089042	5.52513
5532	-3803.196	-3946.746	143.5507	0.7915659	0.8784686	0.3244563	6.284147
5538	-3801.838	-3947.172	145.3338	0.9551505	1.019794	0.4731465	4.976163
5544	-3808.468	-3952.965	144.4971	0.8500934	1.019794	0.4574487	5.511755
5550	-3808.818	-3952.696	143.8772	0.8500934	0.9654915	0.4574487	5.881476
5556	-3800.643	-3944.434	143.7909	0.9164319	0.8980149	0.4574487	5.931243
5562	-3814.278	-3957.842	143.5641	0.8661617	0.9832328	0.6167769	5.896423
5568	-3804.524	-3949.006	144.4823	0.8641979	1.122718	0.3972596	5.519444
5574	-3823.515	-3968.069	144.5538	0.9431742	0.9673075	0.3972596	5.519444
5580	-3803.949	-3947.907	143.9577	0.8295331	0.8484402	0.4713824	5.904367
5586	-3809.763	-3952.077	142.3142	0.8076857	0.7867506	0.4995368	6.821296
5592	-3808.091	-3951.852	143.761	0.8571384	0.7867506	0.4923556	6.016307
5598	-3803.305	-3948.302	144.9974	0.9482897	0.7839183	0.3968299	5.38462
5604	-3809.93	-3955.101	145.1702	0.8730664	0.8581794	0.4356985	5.243035
5610	-3814.412	-3959.11	144.6982	0.8834532	0.8872987	0.5715824	5.356249
5616	-3804.91	-3949.929	145.0192	0.818067	0.8872987	0.4861356	5.290274
5622	-3798.575	-3942.802	144.2267	0.809587	0.8872987	0.4861356	5.730749
5628	-3814.131	-3958.861	144.73	0.9136673	1.114674	0.597045	5.175307
5634	-3806.256	-3950.487	144.2309	0.8664329	1.046711	0.4541685	5.637762
5640	-3805.845	-3950.604	144.7591	0.9993227	1.0172	0.3410026	5.410976
5646	-3799.434	-3944.04	144.6059	0.8753844	0.9452581	0.5632961	5.384392
5652	-3806.931	-3952.932	146.0015	0.968548	0.9452581	0.5838277	4.539211
5658	-3815.221	-3960.565	145.3443	0.9773405	0.9452581	0.3745319	5.101617
5664	-3828.116	-3970.993	142.8766	0.8127989	0.9293198	0.5391242	6.393209
5670	-3814.387	-3957.935	143.5472	0.8155258	0.8304405	0.4142449	6.202904
5676	-3808.146	-3952.042	143.8965	0.7781926	0.9198631	0.439552	5.953695
5682	-3816.27	-3959.812	143.5416	0.845711	0.9592848	0.5909295	5.953695
5688	-3809.076	-3951.967	142.8909	0.7717343	1.043312	0.4419459	6.433677
5694	-3799.081	-3942.788	143.7068	0.8124928	1.048432	0.4331662	5.973774
5700	-3792.711	-3938.883	146.1719	1.012225	0.755051	0.4421189	4.669384
5706	-3804.54	-3950.152	145.612	1.004461	0.9678358	0.6527895	4.669384
5712	-3803.819	-3948.627	144.8086	0.96564	1.097799	0.447505	5.244873
5718	-3811.197	-3957.181	145.9844	0.9530437	0.7382004	0.447505	4.813549
5724	-3801.107	-3945.434	144.3272	0.8999107	0.9058789	0.4725045	5.627769
5730	-3804.433	-3949.696	145.2623	0.9116391	0.8231654	0.4691005	5.160017
5736	-3799.273	-3943.936	144.6631	0.8948218	0.7259773	0.4076249	5.625714
5742	-3797.904	-3942.149	144.2453	0.8285813	0.8402895	0.3459247	5.883539
5748	-3795.576	-3939.799	144.223	0.9619594	1.002842	0.5152773	5.556548
5754	-3793.695	-3938.711	145.0162	0.897784	1.245924	0.431052	5.111215
5760	-3783.927	-3928.595	144.6677	0.923644	0.94616	0.431052	5.444552
5766	-3799.107	-3943.544	144.4374	0.9417692	0.7708004	0.563152	5.548523
5772	-3805.334	-3949.401	144.0664	0.878896	0.7708004	0.563152	5.786464
5778	-3808.601	-3955.048	146.4465	0.8917392	0.7708004	0.45767	4.556654
5784	-3804.623	-3951.863	147.24	1.046873	0.7356248	0.4220676	4.081114
5790	-3798.943	-3943.865	144.9223	1.046873	0.9618888	0.3650461	5.297717
5796	-3803.711	-3946.869	143.1577	0.8079161	1.111479	0.511888	6.169169
5802	-3806.724	-3949.881	143.1566	0.7999576	1.111479	0.517494	6.169169
5808	-3808.452	-3950.715	142.2633	0.8232974	0.9493293	0.517494	6.726778
5814	-3800.329	-3944.542	144.213	0.8775913	0.9754656	0.5359776	5.605411
5820	-3799.408	-3943.893	144.4843	0.8673775	0.9640448	0.5359776	5.468326
5826	-3807.84	-3951.803	143.9631	0.9573814	0.9430011	0.4100522	5.8359
5832	-3809.624	-3954.684	145.0593	0.8297954	0.9430011	0.383546	5.332136
5838	-3808.145	-3952.903	144.7572	0.8822834	0.9430011	0.4618809	5.389501
5844	-3810.968	-3954.162	143.1939	0.8255605	1.021859	0.5527338	6.151157
5850	-3805.342	-3951.621	146.2791	0.9955609	0.8563491	0.4271267	4.567222
5856	-3803.443	-3950.639	147.196	1.073016	0.8563491	0.4271267	4.004262
5862	-3807.828	-3953.597	145.7693	1.031802	0.7204437	0.4089077	4.941586
5868	-3802.433	-3948.515	146.0814	0.9553398	0.5863013	0.4089077	4.912753
5874	-3803.319	-3949.716	146.3965	0.9676463	0.6398738	0.4902995	4.605915
5880	-3795.554	-3940.654	145.1002	1.019015	0.8053199	0.4902995	5.181856
5886	-3797.697	-3942.868	145.1715	0.9473618	0.8053199	0.5231173	5.152264
5892	-3809.244	-3954.627	145.3831	0.8765048	0.7414399	0.4777429	5.158695
5898	-3804.85	-3950.629	145.7792	0.9376995	0.733091	0.5111397	4.879621
5904	-3813.145	-3958.598	145.4528	0.9392425	0.8039877	0.4946435	5.027489
5910	-3813.183	-3959.72	146.5367	1.026728	0.8983552	0.3931032	4.414958
5916	-3813.272	-3957.666	144.3936	0.8192502	0.8983552	0.4268594	5.684614
5922	-3815.228	-3958.847	143.619	0.8480251	0.931157	0.5350992	5.972559
5928	-3801.218	-3945.347	144.1287	0.8959247	0.9666501	0.4120773	5.7634
5934	-3810.189	-3954.538	144.3489	0.8959247	0.7858467	0.5204332	5.649034
5940	-3805.723	-3949.975	144.2524	0.8442169	0.8298042	0.5087702	5.712405
5946	-3796.633	-3941.232	144.599	0.8382991	0.9293879	0.4905377	5.481717
5952	-3797.341	-3941.426	144.0858	0.8173183	0.902158	0.4905377	5.790755
5958	-3807.109	-3952.516	145.407	0.9170073	0.8758187	0.4905377	5.023636
5964	-3802.431	-3946.087	143.6556	0.7075737	0.8758187	0.4688214	6.121322
5970	-3809.212	-3952.548	143.336	0.8446636	0.8758187	0.3712697	6.319701
5976	-3801.598	-3945.248	143.6503	0.8062735	0.7645038	0.4937826	6.117702
5982	-3800.964	-3944.905	143.9409	0.805876	0.8785835	0.4032051	5.97565
5988	-3798.254	-3941.093	142.8396	0.7983752	0.9726316	0.4832973	6.445998
5994	-3807.077	-3949.741	142.6641	0.7371075	0.9726316	0.4086098	6.646637
6000	-3808.932	-3953.062	144.1303	0.8886083	0.9141054	0.4865279	5.723985
6006	-3810.121	-3955.573	145.4522	0.9800306	0.7325476	0.4513421	5.094693
6012	-3819.305	-3965.511	146.2065	1.027477	0.7325476	0.4587964	4.640564
6018	-3815.916	-3961.42	145.5043	0.9179745	0.7642358	0.4587964	5.071106
6024	-3805.817	-3951.468	145.6511	0.9636262	0.7642358	0.3578135	5.071106
6030	-3802.67	-3947.169	144.4991	0.9070431	0.8500071	0.51052	5.528343
6036	-3804.797	-3949.62	144.8221	0.8339708	0.8500071	0.4069172	5.491137
6042	-3798.063	-3941.643	143.5799	0.7752154	1.126632	0.4582175	5.998767
6048	-3805.034	-3947.204	142.17	0.7192169	0.9007878	0.4608833	6.912335
6054	-3799	-3942.359	143.3586	0.7279757	0.8971617	0.5116281	6.220088
6060	-3810.104	-3952.997	142.8933	0.7997017	0.9961012	0.402632	6.482065
6066	-3810.055	-3956.294	146.239	1.005155	0.9324996	0.4901593	4.475528
6072	-3811.205	-3958.19	146.9856	1.11833	0.7201523	0.4901593	4.127994
6078	-3804.321	-3950.93	146.6093	1.056407	0.7744341	0.445985	4.381466
6084	-3797.273	-3942.365	145.0929	0.91199	0.9156312	0.445985	5.219214
6090	-3806.382	-3952.248	145.8661	0.9615461	0.8023878	0.42081	4.858482
6096	-3813.456	-3959.61	146.1542	1.089532	0.9706636	0.5188362	4.42692
6102	-3813.818	-3959.759	145.9407	0.8800773	1.014142	0.5188362	4.640069
6108	-3807.758	-3952.392	144.6336	0.8973614	0.9711585	0.3803235	5.516879
6114	-3804.867	-3947.955	143.0888	0.7646781	1.26587	0.363004	6.303908
6120	-3806.859	-3949.979	143.1204	0.8726717	0.8297973	0.4045901	6.414024
6126	-3819.585	-3963.897	144.3112	0.9976598	0.8125839	0.5179872	5.598732
6132	-3806.109	-3952.691	146.5813	1.003972	0.6734052	0.3905914	4.557403
6138	-3804.935	-3951.843	146.9072	1.016289	0.6941078	0.3905914	4.35148
6144	-3790.151	-3935.893	145.7416	1.015045	0.8317389	0.4492685	4.850194
6150	-3797.67	-3943.624	145.954	1.013298	0.9077703	0.5015747	4.63518
6156	-3799.153	-3944.25	145.0971	0.9699011	0.8085074	0.3951337	5.303454
6162	-3802.316	-3945.899	143.5832	0.8961383	0.8085074	0.3951337	6.173219
6168	-3811.2	-3958.731	147.5311	1.166436	0.9764404	0.4494071	3.660825
6174	-3805.293	-3951.47	146.1772	0.939183	0.8736955	0.4030614	4.670479
6180	-3798.751	-3943.304	144.5527	0.7527739	0.744013	0.4799911	5.680407
6186	-3797.735	-3942.801	145.0659	0.9860939	0.744013	0.3329656	5.425093
6192	-3799.734	-3944.889	145.1547	0.7854334	0.7269574	0.3979721	5.425093
6198	-3794.085	-3937.74	143.6549	0.8204609	0.9005	0.4519317	6.061626
6204	-3801.55	-3945.798	144.2477	0.8782011	0.9005	0.4519317	5.706165
6210	-3798.657	-3942.961	144.3038	0.8221118	0.9005	0.4519317	5.706165
6216	-3799.468	-3943.723	144.2557	0.8702008	0.9005	0.4519317	5.706165
6222	-3813.107	-3958.506	145.3991	0.9640319	0.9191486	0.5607304	4.913429
6228	-3811.689	-3957.779	146.0905	0.9350243	1.0169	0.5607304	4.486685
6234	-3808.233	-3951.95	143.7169	0.8604995	0.8469291	0.4429927	6.047032
6240	-3802.888	-3948.154	145.2657	0.9686452	0.8469291	0.4247267	5.155484
6246	-3795.205	-3940.885	145.6801	0.9649553	0.8469291	0.4536709	4.898376
6252	-3802.969	-3948.917	145.9479	1.010307	1.11452	0.491148	4.534648
6258	-3804.487	-3949.14	144.6531	0.8778726	1.032314	0.4926798	5.370607
6264	-3810.234	-3953.808	143.5746	0.9980513	1.032314	0.4879025	5.900849
6270	-3803.791	-3948.951	145.1597	0.9438764	0.8692911	0.3520528	5.29301
6276	-3802.606	-3947.984	145.3782	0.9082262	0.8826233	0.4880696	5.042628
6282	-3810.014	-3954.817	144.8028	0.8584655	0.9127699	0.4880696	5.37038
6288	-3809.375	-3953.908	144.533	0.9645747	0.8069825	0.5332554	5.485198
6294	-3805.339	-3949.794	144.4555	0.9367714	1.139619	0.5332554	5.355102
6300	-3795.485	-3941.497	146.012	0.9508869	0.9042524	0.4235588	4.716074
6306	-3808.363	-3953.699	145.3357	1.046311	1.118071	0.3972273	4.949316
6312	-3806.898	-3953.738	146.8397	1.013924	0.7477354	0.3564668	4.391245
6318	-3814.311	-3960.383	146.0727	0.9865983	1.026726	0.5804668	4.445454
6324	-3817.048	-3961.602	144.5531	0.850929	1.10596	0.4801416	5.413597
6330	-3818.942	-3964.399	145.4566	1.011495	1.10596	0.3796245	4.926917
6336	-3826.03	-3970.542	144.5123	0.9556569	1.563934	0.4106684	5.242743
6342	-3821.468	-3966.711	145.2426	0.9478861	1.168478	0.5313583	4.900114
6348	-3821.266	-3965.458	144.1921	0.8313518	1.167189	0.4284919	5.642399
6354	-3820.367	-3964.258	143.8901	0.8618061	0.820702	0.4183881	5.992839
6360	-3813.357	-3958.053	144.6958	0.8776096	0.9696304	0.407903	5.464892
6366	-3813.275	-3959.27	145.9948	0.9837822	1.089034	0.5049824	4.523639
6372	-3806.152	-3949.944	143.7922	0.918778	1.089034	0.5481225	5.742316
6378	-3815.186	-3958.256	143.0695	0.7310284	0.9040162	0.5431941	6.344111
6384	-3822.926	-3966.671	143.7444	0.8661127	1.007465	0.6643148	5.748466
6390	-3822.664	-3964.857	142.1924	0.8373904	0.9496426	0.5528817	6.727153
6396	-3803.827	-3946.701	142.8742	0.8068672	1.138023	0.4294324	6.387896
6402	-3803.702	-3948.422	144.7198	0.8744249	1.168312	0.4178776	5.338705
6408	-3802.658	-3947.638	144.9804	0.9098201	0.9313099	0.4178776	5.301799
6414	-3805.742	-3951.044	145.3013	0.8620182	0.7742654	0.4141588	5.252663
6420	-3805.63	-3950.04	144.41	0.7881816	0.8652264	0.362634	5.781098
6426	-3794.723	-3938.809	144.086	0.8434752	0.8060185	0.4426977	5.880918
6432	-3805.319	-3950.394	145.075	0.9097891	0.8515327	0.4365114	5.278621
6438	-3809.065	-3952.978	143.9126	0.816282	0.9050109	0.5152895	5.862056
6444	-3812.342	-3956.901	144.5586	0.903072	0.9050109	0.4764389	5.495718
6450	-3814.138	-3959.203	145.0651	0.9778863	0.9677426	0.4764389	5.13851
6456	-3809.376	-3951.801	142.4253	0.8406882	0.9677426	0.4764389	6.656396
6462	-3806.647	-3950.974	144.3264	0.8267188	0.9677426	0.4623194	5.642411
6468	-3808.03	-3950.626	142.5959	0.7526429	0.9217185	0.4632395	6.650079
6474	-3795.844	-3939.538	143.6936	0.9346268	0.9217185	0.4632395	5.955004
6480	-3795.433	-3940.023	144.5903	0.897433	0.9414997	0.4632395	5.472624
6486	-3810.378	-3957.401	147.0233	1.084653	0.8564895	0.4161076	4.107724
6492	-3810.826	-3957.72	146.8943	1.099834	0.8897627	0.4222695	4.144958
6498	-3817.604	-3965.237	147.6329	1.054267	0.8897627	0.4630725	3.705712
6504	-3817.407	-3962.241	144.8337	0.8609681	0.9999198	0.4729063	5.316394
6510	-3812.878	-3958.171	145.2933	1.02092	0.8897627	0.4630725	5.046638
6516	-3802.075	-3946.708	144.633	0.8771079	0.7178764	0.5955768	5.486194
6522	-3815.321	-3959.923	144.6022	0.808461	0.8083871	0.7217833	5.385323
6528	-3813.483	-3958.357	144.8747	1.095296	0.8004427	0.7217833	5.081275
6534	-3815.4	-3960.313	144.9132	0.9539807	1.097072	0.7217833	4.966182
6540	-3806.869	-3950.573	143.7041	0.8786924	0.9951457	0.5925857	5.825646
6546	-3806.504	-3949.338	142.8339	0.8622857	0.9951457	0.3696247	6.516161
6552	-3808.234	-3951.504	143.2701	0.8283239	0.8604224	0.3696247	6.375414
6558	-3803.968	-3946.805	142.8368	0.7649371	0.9120571	0.4561788	6.525329
6564	-3804.616	-3947.183	142.5679	0.7649371	0.9120571	0.3843502	6.743265
6570	-3805.473	-3948.641	143.1679	0.7570165	0.9552528	0.4777365	6.305187
6576	-3799.854	-3943.523	143.6697	0.8573651	0.8187243	0.4777365	6.058905
6582	-3797.163	-3940.621	143.4573	0.7370552	0.8007924	0.3848521	6.343985
6588	-3800.757	-3945.322	144.565	0.9213459	0.9766286	0.3848521	5.533435
6594	-3816.213	-3960.174	143.9609	0.8009396	0.8478472	0.4052816	5.983969
6600	-3822.994	-3968.25	145.256	0.8171728	0.7768297	0.3848431	5.331943
6606	-3806.624	-3952.733	146.1089	0.9429858	0.7768297	0.3945663	4.778259
6612	-3801.326	-3945.617	144.2918	0.8001601	0.8777835	0.3536809	5.841775
6618	-3802.192	-3946.085	143.8931	0.742094	1.031251	0.5161066	5.841775
6624	-3815.419	-3961.634	146.2152	0.9978751	1.031251	0.3958379	4.53228
6630	-3813.757	-3959.225	145.4682	0.8583873	0.9273584	0.4407653	5.039315
6636	-3816.675	-3962.15	145.4749	1.005747	0.8510565	0.3863135	5.057038
6642	-3805.355	-3950.005	144.6504	0.8936117	1.011047	0.3069082	5.573891
6648	-3796.888	-3941.999	145.1107	0.9196554	0.9351586	0.4590163	5.180947
6654	-3805.864	-3948.922	143.0589	0.8689162	0.9351586	0.3950296	6.39664
6660	-3816.784	-3958.867	142.0834	0.8895401	0.7322134	0.4056463	7.027372
6666	-3817.135	-3962.574	145.4384	1.077158	0.7322134	0.4089664	5.091859
6672	-3820.255	-3966.438	146.1829	0.9753361	0.7322134	0.4006958	4.742916
6678	-3810.002	-3955.209	145.2077	0.9366246	0.8740825	0.4006958	5.213568
6684	-3798.669	-3944.896	146.2269	0.9270035	1.018399	0.3607637	4.611948
6690	-3793.095	-3937.235	144.1397	0.8041416	1.031718	0.367828	5.819483
6696	-3806.481	-3952.252	145.7706	1.07765	1.031718	0.5287128	4.606087
6702	-3802.224	-3948.154	145.9302	1.039589	1.031718	0.5556478	4.514185
6708	-3802.932	-3947.366	144.4343	0.8179923	0.8838149	0.5556478	5.552986
6714	-3803.917	-3946.806	142.8891	0.8660911	1.013245	0.4269965	6.41422
6720	-3807.81	-3951.337	143.5271	0.8989239	0.8040553	0.4269965	6.172245
6726	-3805.861	-3951.597	145.7356	1.075807	0.8040553	0.4269965	4.860062
6732	-3806.599	-3951.924	145.3258	1.009102	0.8039697	0.5587136	5.002439
6738	-3809.995	-3956.52	146.5249	1.203142	1.042587	0.5046498	4.125235
6744	-3811.741	-3958.363	146.6217	1.032162	0.7530999	0.446282	4.40255
6750	-3815.035	-3959.087	144.0515	0.9761176	0.8645267	0.4202106	5.813155
6756	-3814.517	-3957.523	143.0056	0.9546729	0.6795742	0.3803057	6.557946
6762	-3806.313	-3950.66	144.3468	0.8354694	0.8995027	0.3840725	5.745477
6768	-3796.959	-3941.449	144.4902	0.8966754	0.8552136	0.36113	5.685533
6774	-3798.666	-3943.32	144.6542	1.027621	0.8461276	0.44402	5.441585
6780	-3796.822	-3940.001	143.1792	0.8228467	0.8461276	0.5156467	6.293166
6786	-3796.008	-3942.598	146.5907	1.096387	0.6901689	0.5156467	4.362474
6792	-3800.284	-3946.251	145.9674	1.069952	0.8014198	0.3632025	4.80499
6798	-3808.824	-3953.045	144.2209	0.7245082	0.8541362	0.3632025	5.925442
6804	-3802.872	-3946.925	144.053	0.7846092	0.7308646	0.4203401	6.003314
6810	-3803.544	-3947.606	144.0622	0.8575151	0.7360153	0.4203401	5.954951
6816	-3798.063	-3943.425	145.3621	0.9228626	0.8996039	0.4203401	5.099613
6822	-3812.681	-3958.1	145.4187	0.9859433	1.123705	0.429194	4.900277
6828	-3809.631	-3954.852	145.221	0.8442103	0.7671029	0.4161947	5.309531
6834	-3795.17	-3938.327	143.1565	0.8835636	0.8996039	0.3826271	6.369514
6840	-3807.284	-3950.309	143.0254	0.9385096	1.007296	0.5788951	6.167633
6846	-3812.079	-3955.391	143.3126	0.7551561	1.007296	0.5121865	6.167633
6852	-3813.422	-3954.363	140.9407	0.6896812	1.033477	0.4565237	7.519598
6858	-3814.652	-3958.237	143.5847	0.7879792	1.033477	0.4565237	6.038805
6864	-3817.046	-3960.883	143.8374	0.7213748	1.056801	0.3481464	6.038805
6870	-3808.059	-3952.241	144.1816	0.8983274	0.9545851	0.4477543	5.70406
6876	-3801.719	-3945.7	143.9807	0.8034984	0.7933525	0.4467369	5.964425
6882	-3803.682	-3948.163	144.4804	0.8060521	0.9119742	0.3536186	5.715026
6888	-3810.148	-3955.148	145.0006	0.8551691	1.059298	0.3536186	5.320017
6894	-3815.222	-3960.486	145.2641	0.8630215	1.059298	0.3662128	5.155633
6900	-3813.502	-3957.42	143.9173	0.823522	0.9614889	0.3662128	5.970694
6906	-3812.753	-3957.362	144.6087	0.8115181	1.008163	0.3948513	5.541529
6912	-3813.519	-3956.759	143.2398	0.9278201	1.227361	0.4544131	6.05611
6918	-3800.815	-3946.554	145.7392	0.88188	1.255682	0.4282931	4.715808
6924	-3795.506	-3939.309	143.8036	0.8343266	1.01458	0.4639337	5.897105
6930	-3811.026	-3957.106	146.0805	0.8843974	0.9096161	0.4785984	4.656969
6936	-3799.964	-3944.091	144.1264	0.7146852	0.9097959	0.4947222	5.816344
6942	-3810.133	-3954.243	144.11	0.7665847	0.9767176	0.5271474	5.729724
6948	-3818.005	-3962.073	144.0686	0.8080518	0.9767176	0.5271474	5.729724
6954	-3815.271	-3959.451	144.1801	0.8231942	0.9607775	0.4479894	5.742336
6960	-3809.463	-3953.583	144.1198	0.7827107	0.8949171	0.4361781	5.847253
6966	-3805.54	-3950.664	145.1246	0.8216016	0.781822	0.4852097	5.29765
6972	-3805.56	-3950.293	144.7327	0.7732681	0.8470044	0.5116677	5.474249
6978	-3806.612	-3950.539	143.9269	0.8291446	0.8470044	0.3992285	5.994021
6984	-3812.516	-3956.013	143.4962	0.7779886	0.8858219	0.3992285	6.232869
6990	-3801.436	-3945.963	144.5274	0.8478231	0.9890458	0.4960693	5.476921
6996	-3804.815	-3948.726	143.9118	0.8124572	0.8054718	0.4960693	5.942978
7002	-3801.462	-3944.215	142.7525	0.7974461	0.9020196	0.4960693	6.522286
7008	-3809.848	-3952.58	142.7312	0.7131195	0.8697097	0.5860952	6.522286
7014	-3803.333	-3947.934	144.601	0.7678672	0.8697097	0.5712713	5.484411
7020	-3803.529	-3946.8	143.2713	0.7880754	0.9609191	0.5712713	6.147436
7026	-3798.565	-3942.057	143.4919	0.7294027	0.9609191	0.4706649	6.147436
7032	-3807.03	-3951.115	144.0849	0.7447377	0.8110692	0.4719796	5.904059
7038	-3806.166	-3950.828	144.6614	0.8071433	0.8110692	0.4719796	5.554048
7044	-3806.919	-3951.813	144.8941	0.9264789	0.9452165	0.5024982	5.25022
7050	-3803.036	-3948.746	145.7098	0.9479957	0.9424585	0.3893687	4.900059
7056	-3797.97	-3945.257	147.2867	1.078436	0.8437114	0.3893687	3.998482
7062	-3796.585	-3942.261	145.676	0.9433266	0.8437114	0.5211126	4.851409
7068	-3804.276	-3949.502	145.2255	0.9433266	0.8437114	0.4564263	5.162088
7074	-3806.493	-3951.574	145.0813	0.9917978	0.9840133	0.4564263	5.131895
7080	-3803.863	-3948.954	145.0903	0.9743955	0.8856888	0.4690049	5.181649
7086	-3804.65	-3950.9	146.2495	0.9793455	0.8856888	0.5619954	4.447903
7092	-3794.117	-3938.392	144.2745	0.9393598	0.8962784	0.5890763	5.538991
7098	-3803.626	-3947.786	144.1605	0.9136599	0.8962784	0.5666484	5.634135
7104	-3804.706	-3951.024	146.3182	1.065571	0.8962784	0.4005439	4.509294
7110	-3804.767	-3949.098	144.3314	0.8532382	0.8962784	0.3670443	5.764863
7116	-3805.687	-3949.851	144.1632	0.7982647	0.8962784	0.4877319	5.764863
7122	-3798.932	-3944.226	145.2946	0.9603434	1.247667	0.4877319	4.865642
7128	-3820.751	-3966.45	145.6991	0.9044427	1.148623	0.5425742	4.66958
7134	-3819.863	-3964.804	144.9417	0.9190776	1.148623	0.3485096	5.277357
7140	-3810.686	-3956.98	146.2936	0.9204589	1.001043	0.3949669	4.549449
7146	-3810.415	-3956.661	146.2465	0.9204589	0.8424507	0.4212593	4.642523
7152	-3808.319	-3952.615	144.2955	0.9807576	0.93095	0.3778611	5.682351
7158	-3796.497	-3941.772	145.2742	0.8892596	1.076164	0.5287882	4.964513
7164	-3815.18	-3961.69	146.5101	1.077653	0.7271817	0.5392869	4.37034
7170	-3798.824	-3943.333	144.5087	0.8533512	0.9476308	0.4604627	5.540886
7176	-3810.728	-3955.242	144.5144	0.9137852	0.8142358	0.4362706	5.60888
7182	-3801.769	-3948.417	146.6478	1.037608	0.7550596	0.3836606	4.449838
7188	-3800.91	-3947.33	146.4205	0.9106742	0.6893247	0.3810388	4.698586
7194	-3814.064	-3959.269	145.2052	0.9603656	0.8488683	0.4379675	5.178875
7200	-3807.617	-3952.627	145.0098	0.9713596	0.8488683	0.4379675	5.280863
7206	-3805.315	-3948.718	143.4032	0.9249622	0.7862331	0.4908851	6.175968
7212	-3787.051	-3931.519	144.4684	0.9250787	0.7391352	0.442494	5.671449
7218	-3801.55	-3945.095	143.5449	0.8848656	0.7620434	0.442494	6.182287
7224	-3806.318	-3950.816	144.4981	0.8566435	0.7620434	0.4241052	5.695559
7230	-3803.13	-3947.784	144.6546	0.9802078	0.9584907	0.4539872	5.390823
7236	-3802.739	-3947.785	145.0462	0.975543	0.9584907	0.4925129	5.14051
7242	-3799.774	-3943.716	143.9421	0.9305127	1.042563	0.4966092	5.723331
7248	-3802.1	-3945.173	143.073	0.7576498	1.092778	0.4367964	6.322057
7254	-3803.773	-3947.413	143.6404	0.86125	1.071414	0.4091844	5.995728
7260	-3813.36	-3957.092	143.732	0.8377821	0.8927613	0.4681028	5.999292
7266	-3815.365	-3959.361	143.9958	0.9786122	1.084994	0.3825334	5.758613
7272	-3811.053	-3955.394	144.341	0.8613674	0.8621689	0.3825334	5.758613
7278	-3813.413	-3958.396	144.9829	0.8216293	0.9572749	0.3825334	5.371734
7284	-3808.413	-3953.194	144.7817	0.9030357	0.9572749	0.3274223	5.501078
7290	-3805.462	-3951.465	146.0029	0.8573773	0.9528503	0.4978141	4.671929
7296	-3803.338	-3948.311	144.9729	1.008712	0.9528503	0.4681932	5.188825
7302	-3801.109	-3946.214	145.1056	0.9624773	0.8812801	0.474976	5.176811
7308	-3793.564	-3938.589	145.0246	0.9584818	0.8800469	0.4028043	5.296776
7314	-3812.391	-3958.586	146.195	0.996529	0.8765946	0.3748683	4.657637
7320	-3803.859	-3948.931	145.0729	0.9868565	0.8965552	0.5889821	5.071931
7326	-3810.141	-3955.235	145.0936	0.9661463	0.8965552	0.5889821	5.071931
7332	-3798.422	-3942.436	144.0142	0.939389	0.9107042	0.5541841	5.702136
7338	-3821.309	-3965.283	143.9745	0.8853492	0.9252292	0.47782	5.812702
7344	-3814.779	-3958.518	143.739	0.6904637	0.9774452	0.5315481	5.969952
7350	-3810.607	-3953.621	143.0137	0.7730618	1.065243	0.4170722	6.379707
7356	-3815.469	-3956.871	141.4019	0.7330023	1.097931	0.485498	7.189168
7362	-3808.107	-3952.223	144.1164	0.9777917	1.066723	0.4590376	5.624258
7368	-3802.307	-3946.642	144.3358	0.7695422	0.948953	0.5222493	5.624258
7374	-3792.664	-3937.98	145.3167	0.9016571	0.948953	0.470346	5.057823
7380	-3808.055	-3951.922	143.8667	0.9188847	0.9399561	0.435171	5.88587
7386	-3812.77	-3956.49	143.7206	0.7815798	0.9399561	0.435171	6.040567
7392	-3812.329	-3956.334	144.0049	0.8499692	1.072876	0.4757199	5.736387
7398	-3807.264	-3952.898	145.6344	0.9778884	1.072876	0.4757199	4.764928
7404	-3796.604	-3942.111	145.5074	1.016011	1.003643	0.4757199	4.852096
7410	-3801.221	-3946.631	145.4102	0.9907649	1.005292	0.5258134	4.873299
7416	-3799.431	-3944.536	145.1048	0.9907649	0.9994152	0.5258134	5.046334
7422	-3796.57	-3941.621	145.051	0.9912195	0.9484706	0.5258134	5.104771
7428	-3792.54	-3938.061	145.5213	0.9173793	0.7475351	0.4242727	5.107935
7434	-3807.728	-3952.588	144.8597	0.9262996	0.8569035	0.4578813	5.363966
7440	-3812.009	-3956.926	144.9165	0.8222127	0.8569035	0.4566243	5.391257
7446	-3804.58	-3949.98	145.3999	0.9066499	0.8254655	0.5082635	5.048583
7452	-3815.027	-3959.881	144.8542	0.9497215	0.8336695	0.5082635	5.321501
7458	-3809.799	-3955.202	145.4033	0.8899046	0.6775409	0.4415033	5.220818
7464	-3808.244	-3954.662	146.4186	0.9812652	0.7290575	0.3849909	4.627054
7470	-3813.556	-3959.205	145.6493	0.9785873	0.8659936	0.3849909	4.967418
7476	-3802.357	-3946.527	144.1695	0.8213253	0.9825661	0.3849909	5.801668
7482	-3821.543	-3965.414	143.8711	0.922139	1.156778	0.4228518	5.779389
7488	-3800.709	-3944.891	144.1815	1.011972	0.7948813	0.4074497	5.779389
7494	-3799.522	-3944.58	145.0576	0.9556876	0.9311836	0.3750069	5.279857
7500	-3810.866	-3954.441	143.5745	0.807333	0.8852987	0.4374594	6.135726
7506	-3809.998	-3954.954	144.9562	0.8641713	0.8987562	0.389609	5.389408
7512	-3819.971	-3962.778	142.8077	0.7933165	0.9971972	0.4632585	6.471258
7518	-3828.85	-3973.341	144.491	0.9322113	0.8392772	0.532376	5.506349
7524	-3816.232	-3960.199	143.967	0.8990993	0.8834907	0.4274342	5.882685
7530	-3818.518	-3964.392	145.8742	0.9608692	0.8312471	0.5084979	4.750354
7536	-3812.831	-3957.095	144.264	0.9608692	0.7468378	0.4470833	5.754095
7542	-3816.992	-3961.429	144.4365	0.8773055	1.107883	0.5189444	5.426922
7548	-3818.958	-3963.849	144.8906	0.9447807	0.8372927	0.3821216	5.426922
7554	-3810.95	-3955.923	144.9728	0.999085	0.9361845	0.3821216	5.291935
7560	-3807.156	-3950.765	143.6085	0.8250149	1.036662	0.3821216	6.079722
7566	-3817.032	-3962.184	145.1521	0.8619726	0.8313059	0.4949651	5.219004
7572	-3811.554	-3956.442	144.8874	0.9042206	1.042618	0.4949651	5.219004
7578	-3807.712	-3951.277	143.5643	0.8247482	0.8991406	0.4949651	6.069198
7584	-3815.641	-3959.946	144.3048	0.8401076	0.8555114	0.528186	5.652773
7590	-3819.568	-3963.419	143.8511	0.9002853	0.8555114	0.528186	5.868227
7596	-3810.297	-3953.645	143.3485	0.8894723	0.856115	0.4137399	6.255443
7602	-3811.5	-3954.512	143.0115	0.8755584	0.856115	0.5534976	6.317106
7608	-3810.315	-3954.206	143.8919	0.8217228	0.856115	0.5537068	5.866662
7614	-3803.33	-3947.538	144.2082	0.7622447	0.8338232	0.490491	5.795509
7620	-3811.771	-3954.957	143.1857	0.7083595	0.8144249	0.4381231	6.443525
7626	-3816.501	-3960.561	144.0607	0.8378145	0.803618	0.4381231	5.903868
7632	-3799.701	-3944.311	144.6101	0.9645786	0.9006579	0.5343329	5.383726
7638	-3798.866	-3942.696	143.8304	0.8565649	0.8169013	0.4982629	5.954022
7644	-3810.809	-3956.05	145.2414	0.9331558	1.074498	0.6439572	4.864345
7650	-3803.786	-3948.469	144.6835	0.9875609	0.7122577	0.6439572	5.363657
7656	-3811.137	-3956.388	145.2502	1.032732	0.792252	0.4674274	5.121316
7662	-3797.314	-3942.562	145.2483	0.845051	0.867476	0.4235767	5.221886
7668	-3794.423	-3939.522	145.099	0.9682829	0.8171445	0.4235767	5.267917
7674	-3805.05	-3950.088	145.038	0.9469534	0.8171445	0.4235767	5.313371
7680	-3797.771	-3942.269	144.4976	0.8612057	0.8994548	0.4235767	5.60725
7686	-3806.063	-3950.848	144.785	0.81858	1.123477	0.5133328	5.264173
7692	-3799.575	-3944.064	144.4889	0.8056401	1.123477	0.3567853	5.592211
7698	-3811.479	-3956.435	144.956	0.735843	0.7774927	0.4039518	5.521063
7704	-3804.927	-3949.442	144.5143	0.9719831	0.9258766	0.4241653	5.521063
7710	-3801.1	-3945.692	144.5919	0.8264792	0.9258766	0.4032373	5.580056
7716	-3793.393	-3936.843	143.4502	0.7874878	0.9075127	0.3807811	6.25959
7722	-3814.71	-3961.724	147.0142	1.118818	0.9448125	0.4059527	4.049942
7728	-3815.882	-3962.594	146.7118	1.069022	1.094056	0.4007111	4.172281
7734	-3802.901	-3949.231	146.3307	1.069022	0.8915383	0.4007111	4.503002
7740	-3809.769	-3955.462	145.6935	1.064266	0.9373123	0.3167422	4.93231
7746	-3797.404	-3941.988	144.5838	0.9570344	0.9090177	0.3167422	5.621118
7752	-3806.834	-3951.337	144.5026	0.7974638	0.9438391	0.4162309	5.621118
7758	-3798.963	-3944.829	145.8658	1.001361	1.007134	0.4162309	4.717723
7764	-3798.325	-3944.058	145.7333	1.083441	1.007134	0.4495345	4.711877
7770	-3793.194	-3937.487	144.2935	0.989321	0.8196934	0.4495345	5.672063
7776	-3788.283	-3933.517	145.2347	0.8575093	0.7183075	0.4495345	5.294571
7782	-3791.234	-3935.89	144.656	0.901699	0.7183075	0.4495345	5.588904
7788	-3794.719	-3937.767	143.048	0.911682	1.00263	0.4495345	6.286822
7794	-3797.939	-3941.021	143.0819	0.7753284	1.00263	0.4495345	6.342447
7800	-3804.785	-3948.769	143.9843	0.8272834	1.00263	0.5315349	5.747228
7806	-3810.528	-3955.908	145.3805	1.009945	0.975671	0.5315349	4.890708
7812	-3805.332	-3951.39	146.0575	1.061464	0.909944	0.5315349	4.521549
7818	-3808.788	-3954.262	145.4742	0.9512884	0.8938483	0.5315349	4.919108
7824	-3802.896	-3948.493	145.5976	0.9637232	0.8938483	0.4505318	4.919108
7830	-3807.069	-3952.766	145.6966	1.020122	0.8163585	0.4132229	4.919108
7836	-3805.558	-3950.151	144.5928	0.8620527	0.8281819	0.4199594	5.601848
7842	-3807.624	-3952.622	144.9977	0.8747468	0.7537956	0.4316127	5.40904
7848	-3810.014	-3956.05	146.0352	0.8954559	0.8816964	0.3586095	4.818866
7854	-3804.474	-3950.866	146.3918	0.9406799	0.8661406	0.5622399	4.401436
7860	-3798.158	-3944.152	145.9939	0.9916808	0.8216209	0.4539298	4.724234
7866	-3802.599	-3947.998	145.3993	0.9874917	0.8188633	0.4539298	5.059528
7872	-3810.721	-3955.994	145.2732	0.830008	0.8174383	0.4420649	5.229191
7878	-3809.684	-3955.083	145.3985	1.017125	0.9520078	0.4420649	4.974221
7884	-3812.966	-3956.237	143.2706	0.8598081	0.7796024	0.3663569	6.412539
7890	-3800.759	-3945.245	144.486	0.8617058	0.9949241	0.5482403	5.442704
7896	-3801.575	-3946.404	144.8296	0.791425	0.9949241	0.5482403	5.292023
7902	-3795.604	-3939.128	143.5238	0.8658608	0.9415935	0.5399442	6.004645
7908	-3797.674	-3941.893	144.2188	0.951459	0.7067422	0.3621024	5.900801
7914	-3800.423	-3945.256	144.8327	0.9030219	0.6610519	0.3801957	5.604142
7920	-3807.182	-3951.408	144.2258	0.8536779	0.7679126	0.373513	5.895758
7926	-3815.887	-3962.001	146.1141	0.93756	0.7679126	0.3627936	4.819889
7932	-3806.076	-3950.75	144.6734	0.9857835	1.012012	0.487784	5.31538
7938	-3796.247	-3941.02	144.7736	0.8253905	0.9833947	0.487784	5.364414
7944	-3797.464	-3940.048	142.5839	0.7785815	0.9484078	0.5421475	6.556958
7950	-3797.569	-3942.035	144.4661	0.9085088	0.8526863	0.3833223	5.669238
7956	-3801.51	-3946.425	144.915	0.876224	0.9121087	0.5114758	5.277685
7962	-3803.384	-3949.327	145.9423	0.9087675	0.9670499	0.348012	4.825124
7968	-3794.541	-3938.617	144.0759	0.8897689	0.7823496	0.3962265	5.923885
7974	-3803.704	-3947.804	144.0999	0.8889104	0.7399104	0.3962265	5.939621
7980	-3812.893	-3958.702	145.8083	1.041758	0.7810373	0.3121236	4.984249
7986	-3821.534	-3967.342	145.8081	1.041758	0.6573907	0.3121236	5.072082
7992	-3803.757	-3948.662	144.9052	0.8093299	0.8502235	0.3816978	5.485819
7998	-3803.426	-3947.673	144.2472	0.9658777	0.8502235	0.5300772	5.616978
8004	-3800.049	-3943.53	143.4819	0.8135092	1.020602	0.3758817	6.170286
8010	-3800.433	-3944.622	144.1892	0.8205982	0.9186304	0.4375152	5.773259
8016	-3796.93	-3940.328	143.3978	0.8307566	0.9409065	0.4733476	6.152267
8022	-3802.56	-3947.1	144.5401	0.8614648	0.7486339	0.4791633	5.625309
8028	-3805.581	-3949.026	143.4449	0.7653344	0.9859591	0.46013	6.14954
8034	-3808.795	-3952.163	143.3683	0.714094	1.051962	0.46013	6.183653
8040	-3809.06	-3953.174	144.1142	0.8363694	1.098258	0.480353	5.666568
8046	-3805.336	-3951.571	146.2347	0.9886815	1.296771	0.4364684	4.34972
8052	-3808.292	-3952.443	144.1505	0.8975588	1.089256	0.3709422	5.72885
8058	-3815.822	-3959.928	144.1067	0.8173383	0.7623115	0.3709422	5.987213
8064	-3808.923	-3953.586	144.6625	0.8847752	0.9140779	0.3442142	5.581591
8070	-3815.424	-3959.008	143.5838	0.7851567	1.048386	0.4628036	6.026926
8076	-3799.347	-3943.358	144.0113	0.924431	1.02386	0.4628036	5.730256
8082	-3806.871	-3952.321	145.45	0.9178356	0.8414499	0.505966	5.006445
8088	-3814.16	-3956.963	142.8034	0.8849768	0.8414499	0.3825594	6.59509
8094	-3812.646	-3954.053	141.4072	0.7159739	1.00822	0.3825594	7.342863
8100	-3814.386	-3959.007	144.6206	0.935636	0.8952649	0.3798925	5.547399
8106	-3817.207	-3960.686	143.4789	0.8805717	0.8952649	0.3816102	6.199684
8112	-3817.707	-3961.451	143.7443	0.8968758	0.8628723	0.4660039	5.980332
8118	-3816.552	-3960.761	144.209	0.6872193	0.8628723	0.3350176	5.979395
8124	-3819.458	-3964.553	145.0943	0.8349255	0.9965366	0.4263282	5.234531
8130	-3802.317	-3948.191	145.8739	1.110695	0.7983889	0.4263282	4.767824
8136	-3811.599	-3956.75	145.1515	0.9548856	1.024581	0.4984243	5.051214
8142	-3803.353	-3946.113	142.7603	0.8240753	0.8713366	0.4708794	6.544916
8148	-3807.846	-3952.343	144.4969	0.9063695	0.8693616	0.5300175	5.500753
8154	-3806.652	-3950.49	143.8379	0.8282676	0.7781946	0.5118417	5.978181
8160	-3813.008	-3956.767	143.7581	0.9020509	0.7545611	0.6103543	5.915071
8166	-3808.783	-3952.776	143.9936	0.855362	0.9237227	0.3827114	5.915071
8172	-3804.779	-3949.568	144.7889	0.8413296	0.9766253	0.5452572	5.299677
8178	-3814.673	-3959.588	144.915	0.9872865	0.9766253	0.3891018	5.299677
8184	-3816.088	-3960.044	143.9556	0.8853389	0.6534454	0.3891018	6.089463
8190	-3813.873	-3958.399	144.5262	0.9039872	0.9435984	0.4918404	5.476196
8196	-3799.811	-3944.381	144.5695	0.9144639	0.7642763	0.4918404	5.557768
8202	-3805.06	-3948.822	143.7616	0.8719346	0.9155035	0.4685226	5.950736
8208	-3800.603	-3944.178	143.5747	0.8546267	0.8898194	0.5898187	5.971843
8214	-3801.919	-3946.061	144.1424	0.839259	0.8829652	0.3744642	5.875629
8220	-3799.748	-3943.704	143.9558	0.7864297	0.8829652	0.5065806	5.875629
8226	-3810.98	-3954.604	143.6238	0.8642925	0.7414281	0.5065806	6.104525
8232	-3815.988	-3960.379	144.3905	0.8801009	0.7414281	0.5065806	5.676955
8238	-3816.766	-3960.284	143.5183	0.8349467	0.9138756	0.5093565	6.06715
8244	-3810.143	-3953.393	143.2502	0.7680343	0.8845337	0.3250789	6.455651
8250	-3805.008	-3947.405	142.397	0.7300438	0.8845337	0.3884998	6.865945
8256	-3801.302	-3943.951	142.6491	0.6999911	0.8845337	0.4275436	6.706034
8262	-3819.068	-3964.603	145.5351	0.9329447	1.000916	0.4633695	4.896358
8268	-3818.236	-3963.401	145.165	0.9124502	0.9978271	0.4633695	5.114999
8274	-3804.492	-3949.629	145.1372	0.9250829	0.9194646	0.4115283	5.220276
8280	-3801.31	-3945.037	143.7266	0.9009024	0.9194646	0.4115283	6.007922
8286	-3799.348	-3943.664	144.3153	0.9042828	0.9194646	0.376347	5.721734
8292	-3803.198	-3948.165	144.9666	0.9371421	0.9194646	0.4658214	5.253551
8298	-3805.308	-3950.163	144.8547	0.7903889	0.8657437	0.4494491	5.444355
8304	-3813.181	-3955.978	142.7972	0.6939487	1.00649	0.3941872	6.594558
8310	-3801.453	-3947.173	145.7202	0.8864097	0.9965121	0.4564261	4.828368
8316	-3803.276	-3949.141	145.8651	0.9536973	0.8791281	0.4078103	4.828368
8322	-3801.712	-3946.468	144.7559	0.9583972	1.136526	0.5104828	5.198944
8328	-3810.472	-3955.912	145.4403	0.9934047	1.136526	0.3847911	4.924702
8334	-3797.14	-3942.015	144.8749	0.957028	0.9032085	0.5789269	5.202427
8340	-3803.476	-3947.234	143.7586	0.8593225	1.044097	0.5630854	5.804105
8346	-3808.531	-3951.759	143.2273	0.8693988	1.044097	0.3969611	6.243243
8352	-3809.776	-3954.7	144.9238	0.9149553	1.055305	0.4342348	5.244666
8358	-3809.526	-3953.289	143.7636	0.84117	1.043834	0.3730078	5.992552
8364	-3811.314	-3955.091	143.7776	0.8549427	0.9967114	0.5725237	5.813823
8370	-3799.499	-3941.982	142.4829	0.7656151	0.827807	0.4554501	6.767598
8376	-3801.51	-3944.484	142.9746	0.802451	0.827807	0.4554501	6.48174
8382	-3808.148	-3951.54	143.3919	0.802451	1.096759	0.4554501	6.104091
8388	-3799.909	-3944.418	144.5088	0.8154113	0.9529845	0.5547203	5.473687
8394	-3793.73	-3937.484	143.7548	0.900329	1.018607	0.5904834	5.774973
8400	-3814.496	-3958.616	144.1193	0.9285439	1.013523	0.4465185	5.69017
8406	-3801.896	-3946.886	144.9895	0.9003634	1.011	0.4781881	5.197474
8412	-3801.7	-3945.849	144.1488	0.906442	0.8620793	0.3644465	5.859137
8418	-3804.318	-3949.953	145.6358	1.015445	0.8617242	0.3644465	4.980093
8424	-3798.938	-3942.465	143.5271	0.8101294	1.050393	0.7206376	5.834603
8430	-3804.129	-3949.595	145.4664	1.068988	1.050393	0.7206376	4.618653
8436	-3805.483	-3950.157	144.6738	0.9478038	0.8844509	0.7206376	5.222118
8442	-3798.957	-3942.901	143.9442	0.7596352	0.891134	0.499359	5.898218
8448	-3818.975	-3963.204	144.2292	0.814634	0.8628522	0.4770597	5.749829
8454	-3814.102	-3958.071	143.9683	0.718744	0.8818726	0.4770597	5.933397
8460	-3814.462	-3958.578	144.1156	0.8248017	0.7402805	0.4770597	5.885491
8466	-3825.057	-3970.265	145.2076	0.8175417	0.6528884	0.4770597	5.352834
8472	-3808.231	-3952.711	144.4794	0.7411788	0.8105584	0.4221273	5.739337
8478	-3794.03	-3938.376	144.3465	0.7820525	0.8489738	0.4484105	5.739337
8484	-3798.839	-3942.653	143.8146	0.7918659	0.8489738	0.4484105	6.024638
8490	-3803.171	-3947.202	144.0307	0.7309064	0.7727774	0.4123738	6.024638
8496	-3801.053	-3946.003	144.9498	0.9747887	0.8004474	0.5814762	5.213128
8502	-3801.051	-3945.368	144.3176	1.00267	0.8004474	0.4461107	5.667228
8508	-3804.684	-3948.529	143.8447	0.8692583	0.8004474	0.4918391	5.95564
8514	-3807.456	-3950.05	142.5938	0.7121644	0.7076942	0.4838738	6.789036
8520	-3797.54	-3940.497	142.9567	0.7929016	0.82383	0.4011579	6.553193
8526	-3805.715	-3947.947	142.2324	0.8465693	0.82383	0.5467717	6.780068
8532	-3799.965	-3943.643	143.678	0.8196078	0.9069152	0.4238395	6.073502
8538	-3797.295	-3940.242	142.9469	0.9044906	0.8170311	0.4238395	6.47919
8544	-3795.563	-3940.914	145.3509	0.9921776	0.8170311	0.3597038	5.184646
8550	-3809.709	-3953.462	143.753	0.8709179	0.8899578	0.3597038	6.083088
8556	-3798.637	-3941.756	143.1186	0.802726	1.076066	0.4000002	6.318712
8562	-3807.229	-3951.771	144.5427	0.7992725	1.011981	0.4000002	5.576997
8568	-3801.343	-3945.856	144.5133	0.7559101	0.8206244	0.4468355	5.681585
8574	-3809.211	-3952.066	142.8547	0.7761737	0.9391771	0.5093544	6.445164
8580	-3798.65	-3941.066	142.4153	0.7892007	0.7945438	0.5442464	6.732927
8586	-3798.546	-3943.106	144.5598	0.7664789	0.9449705	0.4509945	5.571245
8592	-3807.275	-3951.868	144.5929	0.9467229	0.9449705	0.582922	5.33611
8598	-3803.868	-3947.933	144.0645	0.950832	0.9449705	0.5743079	5.631625
8604	-3797.853	-3941.47	143.6179	0.7186289	0.8055149	0.4460102	6.201195
8610	-3804.954	-3947.867	142.9137	0.7186289	0.726891	0.4374631	6.643349
8616	-3802.195	-3946.625	144.4299	0.8177587	0.6939978	0.4193478	5.806175
8622	-3812.18	-3956.103	143.9233	0.9072138	0.7940689	0.5703088	5.828056
8628	-3804.04	-3949.087	145.0474	0.9546323	0.857111	0.4188808	5.283583
8634	-3800.942	-3945.697	144.7552	0.9803939	0.9246746	0.4172553	5.391612
8640	-3810.136	-3955.561	145.4252	0.932433	0.9971526	0.4844047	4.939768
8646	-3801.007	-3945.321	144.3144	0.882309	0.8106647	0.5424306	5.640199
8652	-3797.522	-3942.787	145.2657	0.8906755	0.8106647	0.3631026	5.288077
8658	-3811.052	-3953.686	142.6348	0.7972048	1.052708	0.3614871	6.637496
8664	-3811.216	-3957.496	146.2806	1.007923	0.767806	0.3972095	4.649135
8670	-3802.825	-3948.332	145.5076	1.069993	0.767806	0.3972095	5.045492
8676	-3806.791	-3953.029	146.2384	0.9688363	0.807778	0.4349905	4.628173
8682	-3808.199	-3954.25	146.0501	1.097516	0.807778	0.4686001	4.628173
8688	-3810.038	-3956.175	146.137	1.104052	0.807778	0.6921346	4.387163
8694	-3806.611	-3952.206	145.5956	0.9411213	0.7067439	0.4307768	5.075562
8700	-3804.588	-3949.968	145.3798	0.8949419	0.976371	0.5246609	4.960742
8706	-3809.706	-3954.616	144.9102	0.7967406	0.976371	0.4048554	5.390739
8712	-3804.876	-3949.62	144.7437	1.01863	0.9051054	0.3794724	5.428624
8718	-3807.573	-3951.25	143.6763	0.9003865	0.7664651	0.344453	6.203614
8724	-3808.225	-3952.008	143.7832	0.7843649	0.7603857	0.352313	6.203614
8730	-3804.335	-3947.772	143.4376	0.7743901	0.8994474	0.4540458	6.203614
8736	-3807.817	-3951.385	143.5681	0.7673325	0.8099799	0.4412538	6.203614
8742	-3811.824	-3955.317	143.4921	0.931304	0.6598213	0.291355	6.426042
8748	-3797.567	-3942.815	145.2476	0.8783344	0.6948607	0.3921537	5.351723
8754	-3797.887	-3943.582	145.695	0.923882	0.7852231	0.3969571	5.011193
8760	-3799.08	-3944.932	145.852	0.8368259	0.7852231	0.3619104	5.011193
8766	-3809.037	-3955.271	146.2338	0.9316952	0.7852231	0.4621093	4.639434
8772	-3812.574	-3958.528	145.9539	1.018946	0.8399098	0.4313807	4.742285
8778	-3810.64	-3956.17	145.5303	0.8687927	0.7387007	0.4313807	5.128742
8784	-3804.137	-3948.522	144.385	0.8848146	0.7570872	0.3665877	5.806648
8790	-3808.689	-3952.961	144.2719	0.8849345	1.045381	0.454539	5.605436
8796	-3809.871	-3953.196	143.3246	0.8202676	1.045381	0.454539	6.158498
8802	-3814.513	-3957.573	143.06	0.8741931	0.6994725	0.454539	6.482498
8808	-3803.58	-3947.218	143.6384	0.8605168	0.6994725	0.3735272	6.258976
8814	-3809.057	-3954.114	145.0564	0.8262478	0.7613059	0.3735272	5.459806
8820	-3806.173	-3951.408	145.235	0.8686437	0.8445517	0.4631519	5.191092
8826	-3800.491	-3945.977	145.4859	0.9769105	0.8445517	0.4270384	5.027893
8832	-3800.318	-3945.111	144.7927	0.8282352	1.006304	0.4270384	5.398597
8838	-3797.674	-3942.038	144.364	0.8786169	0.6574212	0.4228775	5.832098
8844	-3805.466	-3950.684	145.2177	0.8612942	0.7565729	0.4228775	5.302149
8850	-3801.902	-3945.265	143.3634	0.9541898	0.7565729	0.466043	6.22431
8856	-3829.17	-3971.934	142.7639	0.8082354	1.057671	0.3404759	6.583034
8862	-3814.72	-3958.978	144.258	0.9726689	1.278235	0.4263021	5.478372
8868	-3810.752	-3955.946	145.1944	0.9247304	0.9871442	0.4263021	5.134686
8874	-3809.26	-3955.009	145.7494	0.9076691	0.9871442	0.4263021	4.835759
8880	-3806.07	-3951.578	145.5081	1.0119	0.9122111	0.4263021	4.955478
8886	-3817.336	-3959.839	142.503	0.7973963	0.9122111	0.4488647	6.695268
8892	-3812.77	-3955.913	143.1435	0.7477332	0.9122111	0.555825	6.279448
8898	-3821.12	-3965.07	143.9504	0.7643059	0.9122111	0.4891657	5.889126
8904	-3821.355	-3966.044	144.6883	1.012206	1.101685	0.5929	5.15382
8910	-3812.905	-3956.492	143.5873	0.8864259	1.101685	0.3636094	6.044513
8916	-3823.722	-3969.926	146.2035	0.9199712	0.8712016	0.3636094	4.71184
8922	-3815.381	-3961.859	146.4783	1.079863	0.8712016	0.2939535	4.554118
8928	-3808.961	-3953.428	144.4669	0.8883715	0.8712016	0.3767144	5.675718
8934	-3834.954	-3979.831	144.8771	0.9179185	0.7555318	0.4511312	5.431153
8940	-3813.563	-3957.475	143.9123	0.8617751	0.8154874	0.4511312	5.951493
8946	-3801.313	-3945.7	144.3872	0.8842812	1.159977	0.3359237	5.611052
8952	-3799.93	-3945.551	145.6202	0.9714612	0.8451155	0.3673152	5.020314
8958	-3803.221	-3948.287	145.066	0.9467297	0.7891518	0.3417704	5.406011
8964	-3804.522	-3948.548	144.026	0.8703528	1.04689	0.4254952	5.776179
8970	-3800.042	-3944.298	144.2567	0.9696239	0.9723023	0.4566742	5.605107
8976	-3803.085	-3947.172	144.0874	0.8929662	0.9334058	0.577425	5.654915
8982	-3811.289	-3955.973	144.6839	0.8544169	0.9334058	0.5486662	5.372144
8988	-3808.424	-3953.638	145.2138	0.9579093	0.9334058	0.4875754	5.076432
8994	-3812.836	-3958.194	145.3582	0.9080503	0.7997625	0.3573736	5.240988
9000	-3801.084	-3944.225	143.1413	0.8012981	0.7331235	0.3573736	6.555301
9006	-3796.22	-3939.708	143.488	0.8125549	0.9486164	0.5184175	6.067886
9012	-3789.968	-3932.9	142.9318	0.8033723	0.9989973	0.4791617	6.38267
9018	-3796.901	-3940.219	143.3188	0.7855335	0.8160846	0.4791617	6.28928
9024	-3801.674	-3945.934	144.2599	0.8059891	1.01718	0.5509276	5.583202
9030	-3797.56	-3940.847	143.2871	0.7938937	0.9327688	0.4582263	6.251456
9036	-3792.431	-3937.388	144.9565	0.9002771	0.9749229	0.4027671	5.311106
9042	-3796.708	-3941.72	145.0119	0.9059817	1.007463	0.4027671	5.259297
9048	-3794.825	-3937.564	142.7383	0.9073031	1.007463	0.395055	6.509491
9054	-3804.458	-3947.855	143.3973	0.8562896	0.9679512	0.4275696	6.167734
9060	-3807.626	-3954.275	146.6484	1.013535	0.7849258	0.3412082	4.491907
9066	-3817.45	-3963.603	146.1531	0.9812256	0.7849258	0.4198784	4.699789
9072	-3825.624	-3972.479	146.8553	1.044289	0.8750426	0.5224865	4.109705
9078	-3817.772	-3964.036	146.2632	0.9787562	0.8750426	0.4780092	4.52318
9084	-3821.641	-3968.811	147.1707	1.086385	0.8682582	0.3980645	4.034799
9090	-3824.765	-3970.479	145.7134	0.9126952	0.8793216	0.3521593	4.997394
9096	-3809.276	-3954.665	145.3889	0.9686659	0.8726262	0.4139693	5.082393
9102	-3804.647	-3949.835	145.1883	0.8357175	0.9290773	0.3961215	5.2521
9108	-3807.137	-3953.13	145.9936	0.8812865	0.9290773	0.3459702	4.836294
9114	-3802.822	-3948.735	145.9129	0.9176028	0.8099778	0.4360718	4.836294
9120	-3800.176	-3945.554	145.3779	0.8803805	0.8155678	0.4360718	5.150627
9126	-3805.787	-3948.633	142.8457	0.8959013	0.8869395	0.3693609	6.553168
9132	-3815.164	-3958.038	142.8744	0.931706	0.8133063	0.3510845	6.583735
9138	-3816.238	-3959.851	143.6123	0.7358944	0.8827479	0.418474	6.174595
9144	-3821.099	-3965.095	143.9953	0.985432	1.100068	0.418474	5.709542
9150	-3814.153	-3958.521	144.3682	0.7228314	0.751858	0.3802195	5.892848
9156	-3822.572	-3967	144.4288	0.7411461	1.051856	0.3802195	5.671313
9162	-3807.818	-3952.416	144.5976	0.7942007	0.8733607	0.4361261	5.592133
9168	-3806.83	-3951.569	144.739	0.7462239	0.791907	0.4361261	5.592133
9174	-3813.17	-3958.057	144.8869	0.7544527	0.7983977	0.4214578	5.51693
9180	-3809.433	-3954.989	145.5557	0.8610656	0.7198005	0.4214578	5.142308
9186	-3806.986	-3952.631	145.6454	0.7713754	0.7198005	0.4214578	5.142308
9192	-3808.735	-3953.333	144.5975	0.873038	0.7198005	0.5262695	5.564719
9198	-3807.175	-3952.408	145.2335	0.8988277	0.8444363	0.4917191	5.148273
9204	-3821.736	-3967.145	145.4088	0.895181	0.598544	0.4211883	5.296193
9210	-3810.495	-3955.386	144.8915	0.8504404	0.8948878	0.4211883	5.401685
9216	-3816.005	-3960.81	144.8058	0.9360973	0.8948878	0.4211883	5.401685
9222	-3815.867	-3959.262	143.3954	0.7626715	1.01446	0.4465397	6.175509
9228	-3812.076	-3956.768	144.6919	0.8703586	0.834466	0.3563947	5.607622
9234	-3815.407	-3958.926	143.5182	0.838732	0.8614633	0.3999319	6.20178
9240	-3816.66	-3960.99	144.3298	0.7404939	0.9731261	0.3970935	5.750481
9246	-3811.124	-3955.121	143.9973	0.8104481	1.211604	0.4175128	5.750481
9252	-3809.18	-3953.683	144.5032	0.7928766	0.8927024	0.4175128	5.651899
9258	-3798.868	-3943.144	144.2763	0.8655908	0.6675714	0.389316	5.914637
9264	-3808.411	-3952.945	144.5334	0.7655234	0.7928579	0.3991037	5.731696
9270	-3800.327	-3944.609	144.2813	0.8510911	0.8557599	0.3991037	5.783137
9276	-3800.655	-3944.644	143.9893	0.9118833	1.08073	0.3991037	5.783137
9282	-3800.123	-3944.299	144.1755	0.8951127	0.9120466	0.3991037	5.783137
9288	-3796.311	-3941.912	145.6002	1.006831	0.9359172	0.5003827	4.820978
9294	-3800.478	-3945.147	144.669	1.006831	0.9384313	0.5003827	5.335986
9300	-3798.382	-3942.831	144.4492	0.8845792	0.8580627	0.5003827	5.572241
9306	-3795.16	-3941.352	146.1915	0.9972367	0.8840639	0.4712296	4.554072
9312	-3814.219	-3958.426	144.2069	0.9782594	1.105879	0.3918235	5.622394
9318	-3807.086	-3951	143.9141	0.8542925	1.039592	0.4695966	5.807015
9324	-3801.95	-3944.83	142.8804	0.9037684	0.9681571	0.4258655	6.42426
9330	-3818.025	-3963.027	145.0018	0.9673796	0.9681571	0.5631648	5.101723
9336	-3816.855	-3960.499	143.6445	0.8810902	0.9681571	0.5239895	5.929213
9342	-3803.898	-3946.427	142.5296	0.881612	0.9603767	0.4687929	6.589069
9348	-3803.045	-3947.663	144.6182	0.8758641	0.866879	0.4446652	5.531464
9354	-3801.919	-3946.317	144.3986	0.9110166	0.8317396	0.3976386	5.702512
9360	-3801.698	-3946.975	145.2774	0.9636386	0.7747853	0.3976386	5.226755
9366	-3806.65	-3951.792	145.1418	0.9134518	0.9424199	0.3964484	5.226755
9372	-3822.407	-3966.999	144.5916	0.976568	0.8527072	0.4903491	5.455882
9378	-3803.909	-3947.367	143.458	0.839575	0.8545653	0.4903491	6.149992
9384	-3806.03	-3950.845	144.8149	0.9145874	0.8315179	0.4903491	5.380256
9390	-3810.271	-3956.082	145.8107	0.9017333	0.8626578	0.4903491	4.815766
9396	-3803.288	-3948.116	144.8279	0.8337719	0.8626578	0.3635699	5.527395
9402	-3812	-3955.414	143.4142	0.8891841	0.8626578	0.3635699	6.269523
9408	-3821.909	-3967.083	145.1738	0.9615997	0.8626578	0.3543131	5.276912
9414	-3819.418	-3964.923	145.505	0.9981538	1.059967	0.4651101	4.842887
9420	-3800.204	-3944.928	144.7244	0.9317009	1.035733	0.4497261	5.340564
9426	-3803.655	-3948.359	144.7044	0.8988393	1.09105	0.4497261	5.340564
9432	-3794.237	-3938.871	144.6346	0.8288258	0.8408574	0.524487	5.490136
9438	-3808.119	-3951.048	142.9294	0.7532411	0.8408574	0.4223278	6.557229
9444	-3796.046	-3939.691	143.6452	0.8840779	0.9423362	0.4223278	6.037316
9450	-3802.434	-3945.189	142.755	0.8277024	0.8852277	0.4091239	6.597953
9456	-3812.348	-3954.8	142.4516	0.8590369	0.9798108	0.4771875	6.62492
9462	-3802.059	-3947.572	145.5135	0.9059031	0.9423362	0.5027838	4.919565
9468	-3806.974	-3951.906	144.9325	0.9674262	0.8615974	0.5027838	5.256016
9474	-3800.806	-3945.955	145.1496	0.8747203	0.7577595	0.3773527	5.379942
9480	-3809.663	-3953.876	144.2127	0.9003893	0.7577595	0.4922632	5.765146
9486	-3809.556	-3954.012	144.4562	0.925358	0.9620735	0.4911656	5.493046
9492	-3807.016	-3953.25	146.2337	0.925358	0.9975027	0.3547762	4.627731
9498	-3797.974	-3944.997	147.0238	0.9378001	0.9975027	0.3443454	4.187468
9504	-3791.818	-3937.716	145.8975	0.9395442	0.7740901	0.5028133	4.792032
9510	-3799.88	-3946.176	146.2958	0.9395442	0.9279667	0.3768829	4.59969
9516	-3799.744	-3945.197	145.4534	0.9282767	0.9279667	0.4830157	4.967325
9522	-3801.161	-3947.09	145.9289	0.862207	0.7370111	0.4830157	4.861602
9528	-3811.76	-3956.741	144.9811	0.9399046	0.982888	0.3150914	5.371677
9534	-3812.434	-3955.864	143.4299	0.8749461	0.9629203	0.4879517	6.084829
9540	-3812.208	-3957.273	145.0654	0.9785241	0.9629203	0.4654557	5.151211
9546	-3819.076	-3961.824	142.7482	0.8150761	0.9629203	0.4273236	6.545405
9552	-3800.503	-3942.827	142.324	0.7841087	0.9629203	0.4273236	6.791442
9558	-3802.86	-3946.731	143.8715	0.9625015	0.9629203	0.3542614	5.932541
9564	-3807.195	-3952.696	145.5004	0.9929998	0.9629203	0.3076843	5.075776
9570	-3806.046	-3951.849	145.8028	0.9921014	0.8546788	0.3023971	4.979735
9576	-3802.311	-3947.379	145.068	0.9829059	0.9318071	0.3340742	5.305972
9582	-3804	-3949.048	145.0484	0.8402772	0.8358046	0.4423389	5.335726
9588	-3795.143	-3939.323	144.1801	0.8780674	0.8843508	0.4403938	5.764177
9594	-3800.266	-3945.168	144.9018	0.8687423	0.8843508	0.4617558	5.35195
9600	-3807.478	-3951.764	144.2862	0.8430584	0.8843508	0.503764	5.665456
9606	-3796.786	-3940.78	143.9943	0.776853	0.8455733	0.4562909	5.92927
9612	-3813.277	-3956.963	143.6861	0.895328	1.025752	0.4562909	5.92927
9618	-3812.028	-3956.861	144.8328	0.8684019	1.056309	0.5486862	5.214035
9624	-3820.999	-3964.565	143.5659	0.7985188	0.8324568	0.4428636	6.172095
9630	-3827.246	-3971.922	144.6758	0.7262813	0.8324568	0.4428636	5.605114
9636	-3818.425	-3963.937	145.5121	0.9061618	1.217265	0.4099422	4.86646
9642	-3815.967	-3960.71	144.7438	0.8961174	1.030989	0.587691	5.228852
9648	-3820.453	-3965.051	144.5984	0.8170372	1.030989	0.4369786	5.488289
9654	-3807.096	-3950.618	143.5222	0.8518683	0.9498419	0.3595043	6.184623
9660	-3811.417	-3955.223	143.8054	0.8360428	0.8332235	0.3799927	6.085596
9666	-3798.744	-3942.303	143.5586	0.9247106	0.8662296	0.3799927	6.151406
9672	-3801.741	-3945.311	143.5707	0.8410076	1.109171	0.4727614	5.962864
9678	-3801.366	-3942.946	141.5799	0.7082799	1.109171	0.3968322	7.187275
9684	-3800.149	-3945.084	144.9349	0.9549401	1.109171	0.4326019	5.189979
9690	-3794.681	-3939.45	144.7688	0.8759464	1.050272	0.4326019	5.35609
9696	-3801.647	-3946.581	144.9334	0.8728351	1.095404	0.4259125	5.250095
9702	-3794.004	-3938.372	144.3687	0.9412792	1.092278	0.5051507	5.449395
9708	-3805.394	-3948.704	143.3103	0.8720624	0.8618808	0.3386254	6.364201
9714	-3800.111	-3943.331	143.22	0.8374702	0.8415232	0.3874642	6.389865
9720	-3807.916	-3951.982	144.0663	0.7764406	0.9035946	0.5209784	5.795585
9726	-3806.639	-3950.975	144.3356	0.784004	0.9226541	0.3876294	5.762386
9732	-3798.483	-3942.972	144.4894	0.8470123	0.8315336	0.3547125	5.735247
9738	-3800.385	-3945.302	144.9173	0.961044	0.9941907	0.4819034	5.209619
9744	-3800.911	-3946.175	145.2638	0.9444966	0.7172247	0.4718603	5.209619
9750	-3807.939	-3954.029	146.0901	0.8934129	1.001163	0.4375787	4.633827
9756	-3806.892	-3951.235	144.3429	0.8184158	1.046798	0.4188959	5.637743
9762	-3806.381	-3951.602	145.2204	0.8879736	0.7400858	0.4095377	5.311043
9768	-3803.664	-3947.473	143.8092	0.9073383	1.113032	0.3270377	5.948739
9774	-3808.353	-3954.23	145.8772	0.9073383	0.9102879	0.3462264	4.897467
9780	-3815.092	-3959.398	144.306	0.9080215	0.9478883	0.3784322	5.706114
9786	-3803.873	-3946.488	142.6159	0.6902	0.9478883	0.3784322	6.743611
9792	-3804.902	-3948.457	143.5551	0.7757252	0.9478883	0.3784322	6.188257
9798	-3806.826	-3951.234	144.4086	0.9085894	0.9478883	0.3587444	5.671542
9804	-3810.326	-3952.499	142.1728	0.8446019	0.9478883	0.4063093	6.870005
9810	-3802.468	-3945.833	143.3658	0.9159773	0.9478883	0.4685351	6.123879
9816	-3814.994	-3957.063	142.0691	0.9021626	0.9478883	0.4971531	6.807806
9822	-3798.935	-3943.048	144.1124	0.8276589	0.8323444	0.417039	5.884171
9828	-3803.477	-3947.24	143.7627	0.8991281	1.083257	0.417039	5.894067
9834	-3799.162	-3944.457	145.2948	0.9204499	1.037825	0.4760031	5.004537
9840	-3797.929	-3942.3	144.3714	0.8311898	1.019803	0.4760031	5.573569
9846	-3801.218	-3945.403	144.1849	0.8798478	0.8843942	0.4760031	5.726292
9852	-3814.975	-3960.176	145.2017	0.9626786	0.8713203	0.4939288	5.111797
9858	-3812.132	-3956.656	144.5241	0.8822549	0.9782112	0.3414672	5.625496
9864	-3803.347	-3946.615	143.2679	0.690322	1.098966	0.4269444	6.259403
9870	-3800.607	-3945.003	144.3955	0.8217247	1.06824	0.3923392	5.623643
9876	-3798.062	-3942.344	144.2815	0.8398624	1.06824	0.4435407	5.623643
9882	-3799.872	-3944.008	144.1355	0.8542227	1.14537	0.4778873	5.623643
9888	-3812.139	-3956.034	143.8956	0.8800459	1.14537	0.3790711	5.840753
9894	-3806.338	-3951.866	145.5279	0.9345689	0.7839954	0.3679606	5.130706
9900	-3816.765	-3961.02	144.2547	1.002222	0.9977244	0.3817845	5.651009
9906	-3815.971	-3960.324	144.3528	0.9041402	0.9977244	0.3817845	5.651009
9912	-3818.121	-3961.364	143.2433	0.7359949	0.8325613	0.5140999	6.315326
9918	-3798.803	-3942.086	143.2832	0.7965382	0.8355003	0.4528137	6.315326
9924	-3809.026	-3952.116	143.0895	0.8087904	0.9599481	0.51019	6.287579
9930	-3821.004	-3964.723	143.7195	0.7337186	0.801707	0.4315769	6.154366
9936	-3806.295	-3949.708	143.4136	0.8215879	1.003164	0.4315769	6.154366
9942	-3800.104	-3943.385	143.2813	0.8233239	1.003164	0.5070604	6.154366
9948	-3800.605	-3944.103	143.4978	0.8631901	0.9532413	0.3918969	6.154366
9954	-3794.544	-3936.49	141.9458	0.8620075	0.9148358	0.3918969	7.01672
9960	-3817.513	-3962.496	144.9829	0.8984994	0.6833202	0.297934	5.605213
9966	-3829.093	-3974.61	145.5176	0.9111951	0.6555164	0.297934	5.324492
9972	-3802.631	-3948.059	145.4279	0.8649754	0.9989441	0.3656819	5.097095
9978	-3799.913	-3943.937	144.0239	0.8421895	0.9522962	0.5699729	5.712899
9984	-3797.639	-3942.792	145.1536	0.9652313	0.7726887	0.3862146	5.308023
9990	-3803.752	-3949.115	145.3638	0.90685	0.7726887	0.3862146	5.224162
9996	-3807.554	-3953.619	146.0648	0.9893184	0.939833	0.4425913	4.624378
10002	-3804.368	-3949.867	145.4989	0.9818484	0.939833	0.4425913	4.944526
10008	-3810.616	-3956.021	145.4049	1.016086	0.901219	0.5370099	4.912329
10014	-3811.132	-3956.422	145.2904	0.9353446	1.071712	0.5516375	4.912329
10020	-3815.465	-3961.375	145.9096	0.9058234	1.057119	0.5516375	4.590562
10026	-3812.842	-3958.91	146.0677	1.162516	0.9496996	0.6071069	4.370925
10032	-3811.144	-3956.371	145.2275	1.162516	0.9263192	0.6071069	4.855872
10038	-3809.279	-3953.467	144.1885	0.8378566	0.8436174	0.6930999	5.594786
10044	-3820.413	-3964.428	144.0151	0.9035923	1.10653	0.5777271	5.594786
10050	-3820.277	-3962.978	142.7008	0.8205864	0.7781496	0.3979578	6.709079
10056	-3809.186	-3953.545	144.3589	0.8987299	0.8987573	0.4504599	5.636392
10062	-3800.006	-3944.037	144.0314	0.8008861	0.9444004	0.3600637	5.937323
10068	-3812.042	-3958.943	146.9012	0.9546586	0.7384683	0.3600637	4.392316
10074	-3801.795	-3947.156	145.3614	0.9065421	0.809116	0.4161296	5.169819
10080	-3813.712	-3957.504	143.7916	0.8645086	0.7983919	0.5717327	5.919437
10086	-3816.014	-3958.624	142.6104	0.7642261	0.963853	0.3975115	6.677393
10092	-3818.397	-3962.393	143.9958	0.8821445	0.9581231	0.4571174	5.803572
10098	-3813.589	-3958.048	144.4582	0.7597134	0.8235447	0.5088444	5.649791
10104	-3814.009	-3959.083	145.0736	1.013681	0.9388311	0.4161421	5.190302
10110	-3822.671	-3966.756	144.0848	0.9410015	0.7065505	0.5641526	5.785589
10116	-3819.351	-3961.921	142.5694	0.8201923	0.8880898	0.5641526	6.558733
10122	-3806.775	-3951.827	145.052	0.990877	0.6577481	0.3473765	5.47487
10128	-3805.571	-3948.495	142.9241	0.8416879	0.7195787	0.3676156	6.648801
10134	-3809.337	-3954.325	144.9877	0.9171538	0.7703069	0.3676156	5.448146
10140	-3801.851	-3945.25	143.3986	0.8299929	0.9559875	0.4597275	6.156571
10146	-3792.38	-3938.265	145.8848	0.9282181	0.8017337	0.4597275	4.827873
10152	-3805.647	-3950.508	144.8612	0.9374055	0.8637663	0.3755611	5.437963
10158	-3807.383	-3951.33	143.9462	0.8662828	1.029053	0.4691412	5.788907
10164	-3811.169	-3954.037	142.8681	0.8480489	0.6965638	0.4145819	6.641984
10170	-3804.297	-3947.478	143.1806	0.8647055	0.8648706	0.4559802	6.312984
10176	-3799.561	-3943.285	143.7238	0.750137	0.9875953	0.4559802	6.00895
10182	-3804.567	-3949.808	145.2413	0.8488792	0.9564001	0.4559802	5.13852
10188	-3794.587	-3938.324	143.7371	0.8779261	0.9564001	0.369628	6.038393
10194	-3803.319	-3947.506	144.1867	0.9105832	0.9564001	0.3999738	5.742055
10200	-3801.469	-3944.574	143.1053	0.8613552	1.040771	0.5043415	6.211725
10206	-3809.594	-3954.792	145.1984	0.8247413	0.8825989	0.5531774	5.130543
10212	-3813.213	-3957.858	144.6443	1.022637	1.116972	0.7091459	5.07613
10218	-3796.962	-3941.337	144.3745	0.9409586	0.9876318	0.4518797	5.552263
10224	-3806.484	-3953.001	146.5165	1.137083	0.956398	0.4317984	4.288019
10230	-3812.513	-3957.259	144.7454	0.8990604	1.172156	0.5200997	5.211277
10236	-3815.01	-3960.343	145.3336	0.9586966	1.267887	0.5200997	4.805637
10242	-3805.316	-3949.592	144.2759	0.8826073	1.267887	0.3532385	5.601619
10248	-3803.711	-3948.343	144.6319	0.7989034	1.168772	0.4382889	5.407892
10254	-3813.523	-3958.014	144.4912	0.8404009	1.177812	0.4160864	5.480638
10260	-3814.826	-3958.022	143.1958	0.7614893	1.107843	0.4160864	6.266418
10266	-3797.374	-3940.724	143.3506	0.8684297	0.7927042	0.4531454	6.266418
10272	-3800.108	-3944.724	144.6157	0.7890132	0.724054	0.4776535	5.641946
10278	-3817.576	-3961.712	144.1359	0.890377	0.6785308	0.4927799	5.867567
10284	-3825.759	-3972.154	146.3956	0.9517373	0.6120045	0.4360219	4.690417
10290	-3810.987	-3956.681	145.6945	0.9579	0.9392638	0.3815696	4.913539
10296	-3809.727	-3951.57	141.8426	0.7129714	0.9528412	0.5197094	7.009226
10302	-3810.919	-3955.751	144.8316	0.7875388	0.9602232	0.4189403	5.433538
10308	-3798.395	-3942.355	143.9597	0.7379051	0.9602232	0.4286013	5.929018
10314	-3810.123	-3954.597	144.4739	0.9856223	0.7917133	0.3307105	5.721354
10320	-3816.07	-3961.433	145.363	1.025987	0.7820705	0.6113558	4.943524
10326	-3811.942	-3958.073	146.1317	0.9737536	0.7883945	0.3838218	4.752344
10332	-3800.223	-3945.784	145.5616	0.9935414	0.8689367	0.3364605	5.061689
10338	-3813.929	-3960.272	146.3432	1.054061	0.900051	0.3380767	4.570844
10344	-3816.231	-3960.909	144.6781	1.054061	0.900051	0.4702969	5.355526
10350	-3815.346	-3961.598	146.2527	0.992652	1.019031	0.4702969	4.444231
10356	-3801.177	-3947.463	146.2864	0.9585671	1.000291	0.4814161	4.444231
10362	-3814.118	-3958.369	144.2509	0.8210996	0.9162888	0.4585592	5.720021
10368	-3811.683	-3956.084	144.4012	0.8353969	0.7965043	0.4416472	5.720021
10374	-3806.414	-3949.994	143.5804	0.8765579	0.8557639	0.411281	6.13907
10380	-3807.516	-3950.455	142.9399	0.8980355	0.8557639	0.411281	6.475248
10386	-3806.968	-3951.639	144.6707	0.8367341	0.8557639	0.3793502	5.598773
10392	-3804.292	-3948.834	144.5417	0.8778807	0.7832455	0.4752928	5.595935
10398	-3808.718	-3951.981	143.2633	0.8811267	0.8166349	0.4752928	6.270714
10404	-3803.691	-3947.869	144.178	0.7937245	0.8166349	0.51053	5.787564
10410	-3798.832	-3942.689	143.8564	0.7348332	0.8166349	0.4262769	6.075041
10416	-3795.147	-3941.283	146.1364	0.9859553	0.8166349	0.4262769	4.678896
10422	-3796.09	-3941.891	145.8002	0.9520752	0.8166349	0.4719988	4.840149
10428	-3801.012	-3946.567	145.5554	0.962745	0.7719859	0.3893305	5.084195
10434	-3804.25	-3949.875	145.6248	0.9978861	0.863848	0.3893305	4.966862
10440	-3807.052	-3952.266	145.2146	1.015647	0.7655968	0.3487487	5.293478
10446	-3818.174	-3963.186	145.0122	0.998428	0.7815605	0.5218971	5.228877
10452	-3801.275	-3946.048	144.7728	0.992713	0.7815605	0.5218971	5.36418
10458	-3803.925	-3949.961	146.0356	0.9653159	0.7815605	0.6314005	4.586126
10464	-3799.603	-3944.907	145.3041	0.9261936	1.039277	0.4407811	5.029763
10470	-3804.113	-3948.475	144.362	0.8000514	0.9269164	0.5390572	5.591183
10476	-3805.512	-3950.527	145.0149	0.9767689	0.9308266	0.5141437	5.153411
10482	-3801.068	-3945.848	144.7802	0.73446	0.9308266	0.408934	5.518275
10488	-3796.284	-3942.277	145.9938	0.9673088	0.8913301	0.408934	4.740262
10494	-3805.881	-3951.384	145.5036	0.9852012	0.869231	0.4909312	4.935702
10500	-3805.074	-3949.306	144.2329	0.9115008	0.9801874	0.4076388	5.69486
10506	-3806.83	-3950.697	143.8662	0.8740733	1.024792	0.4198938	5.879007
10512	-3799.539	-3943.735	144.1959	0.9095388	0.8692583	0.3202833	5.879007
10518	-3805.434	-3948.685	143.2514	0.7932717	0.7780085	0.3202833	6.513332
10524	-3800.325	-3944.973	144.6475	0.8316099	0.9420608	0.2843753	5.67714
10530	-3806.152	-3951.854	145.7026	0.94173	0.8905692	0.3556054	4.976381
10536	-3810.083	-3955.777	145.694	0.9012382	0.8905692	0.5495543	4.810778
10542	-3807.337	-3951.497	144.1599	0.8025498	0.9839886	0.5297109	5.676422
10548	-3815.048	-3959.287	144.2388	0.839652	0.9839886	0.5342583	5.608829
10554	-3806.522	-3948.965	142.443	0.6763396	0.8864087	0.5342583	6.730851
10560	-3814.705	-3959.641	144.936	0.8646633	0.897579	0.5875504	5.215992
10566	-3824.992	-3970.375	145.383	0.9293766	0.897579	0.5497618	4.963912
10572	-3813.772	-3957.414	143.6422	0.9021831	1.014072	0.5497618	5.871561
10578	-3816.16	-3959.355	143.1945	0.8116531	0.85345	0.4266423	6.369868
10584	-3814.35	-3958.193	143.8421	0.7364982	0.8642236	0.4308594	6.047783
10590	-3810.888	-3956.206	145.3175	0.8908324	0.9797337	0.3981882	5.11887
10596	-3806.106	-3949.753	143.6476	0.7542544	0.8476534	0.3981882	6.187662
10602	-3814.614	-3957.513	142.899	0.8613057	0.8476534	0.3826418	6.552286
10608	-3809.741	-3953.268	143.5276	0.7561997	0.9271213	0.3826418	6.221138
10614	-3806.814	-3950.37	143.5563	0.8303987	1.053045	0.3573459	6.124027
10620	-3807.151	-3950.199	143.0476	0.7335245	0.7829329	0.3573459	6.60957
10626	-3813.478	-3958.104	144.6263	0.9208152	0.9877901	0.3573459	5.524469
10632	-3812.152	-3956.849	144.6964	0.9365561	0.9053695	0.3573459	5.524469
10638	-3810.119	-3954.593	144.4737	0.9889786	0.935859	0.4278979	5.524469
10644	-3802.621	-3947.034	144.4123	0.8565777	0.6997739	0.4122626	5.797736
10650	-3797.301	-3941.953	144.6516	0.8207555	0.7649578	0.4572473	5.59631
10656	-3794.887	-3939.99	145.1026	0.8775574	0.9382257	0.4526321	5.21314
10662	-3800.559	-3946.617	146.0581	0.8680217	1.028879	0.4205239	4.668177
10668	-3801.273	-3947.92	146.6469	0.9734265	0.8546157	0.4765729	4.32413
10674	-3800.233	-3946.691	146.4575	0.9734265	0.8562906	0.4437868	4.462317
10680	-3799.122	-3945.539	146.4166	0.9001504	0.8562906	0.4274161	4.543286
10686	-3805.199	-3948.361	143.1621	0.8197368	0.9219373	0.4274161	6.341682
10692	-3801.009	-3945.346	144.3374	1.01222	0.878839	0.4274161	5.620733
10698	-3801.373	-3944.583	143.2095	0.8930229	0.878839	0.441104	6.28791
10704	-3806.847	-3951.485	144.6381	0.8513385	0.8487142	0.5678393	5.433809
10710	-3802.812	-3947.021	144.2096	0.7424089	0.9358942	0.4102467	5.822551
10716	-3802.913	-3947.03	144.1169	0.8824717	0.9958568	0.6467351	5.554686
10722	-3799.91	-3944.313	144.403	0.8951634	0.7146823	0.6467351	5.565044
10728	-3802.024	-3946.456	144.4324	0.9929305	0.7146823	0.5295805	5.590276
10734	-3806.359	-3951.05	144.6912	0.8393636	0.6884866	0.4249729	5.649455
10740	-3798.088	-3943.332	145.2438	0.930581	0.6884866	0.3517445	5.374713
10746	-3807.253	-3952.053	144.8	0.8555195	0.8815481	0.3573553	5.526332
10752	-3805.658	-3950.02	144.362	0.934131	0.6942924	0.3239859	5.885332
10758	-3814.73	-3960.406	145.6755	0.9841647	0.6942924	0.3338451	5.123425
10764	-3811.912	-3958.203	146.2911	1.043692	0.8237078	0.4678212	4.513472
10770	-3812.351	-3958.411	146.0601	1.122523	0.8237078	0.3418729	4.734303
10776	-3811.23	-3955.671	144.4409	0.8511695	0.9574476	0.4523253	5.581623
10782	-3801.578	-3946.818	145.2406	0.8880583	0.9543557	0.4602314	5.114217
10788	-3807.242	-3950.731	143.4881	0.723797	1.117634	0.4602314	6.079459
10794	-3802.629	-3946.692	144.0627	0.803618	0.7098182	0.3488951	6.079459
10800	-3808.496	-3952.086	143.59	0.8744882	0.808974	0.4393705	6.135877
10806	-3803.053	-3947.08	144.027	0.890989	1.066946	0.4393705	5.739918
10812	-3812.977	-3956.162	143.185	0.7166118	0.7317932	0.418144	6.513563
10818	-3822.249	-3967.118	144.8695	0.7502108	0.7048957	0.4477611	5.566023
10824	-3815.952	-3959.156	143.2041	0.7797813	1.105134	0.3591379	6.314278
10830	-3796.803	-3940.369	143.5657	0.8072798	0.9219738	0.4498076	6.106938
10836	-3810.533	-3955.469	144.9357	0.8625178	0.9219738	0.4454742	5.330187
10842	-3801.993	-3948.029	146.0358	0.9195658	0.8558881	0.3540915	4.826333
10848	-3807.688	-3954.789	147.1009	0.9308463	0.754743	0.3540915	4.288525
10854	-3811.887	-3958.165	146.2786	1.008403	0.9278259	0.3540915	4.596972
10860	-3808.748	-3952.584	143.8356	0.8625537	0.8514092	0.5607157	5.872119
10866	-3805.235	-3948.84	143.6045	0.8826462	0.9661874	0.5607157	5.92
10872	-3802.299	-3946.126	143.8273	0.8096646	0.9661874	0.4684237	5.92
10878	-3806.829	-3951.684	144.8552	0.7487584	0.8288305	0.422319	5.517104
10884	-3795.978	-3940.836	144.8589	0.9019067	0.9000269	0.5322219	5.283252
10890	-3798.189	-3945.026	146.8366	1.024684	0.8691677	0.4309894	4.224115
10896	-3789.645	-3935.223	145.5778	0.873742	0.9754557	0.5470963	4.843154
10902	-3798.842	-3942.351	143.5092	0.8743547	0.8222901	0.4900322	6.123527
10908	-3813.775	-3955.429	141.6534	0.9503385	0.9835387	0.4900322	6.9926
10914	-3819.645	-3961.682	142.0372	0.7708239	0.9869361	0.5840847	6.800775
10920	-3827.145	-3972.339	145.194	0.8911431	0.8961141	0.4900322	5.144216
10926	-3814.53	-3959.525	144.9957	0.9887436	0.7898048	0.4548534	5.300167
10932	-3819.232	-3963.861	144.6283	0.8440043	0.7722829	0.4039521	5.645086
10938	-3823.014	-3967.29	144.2765	0.9837289	0.8259756	0.3855735	5.746139
10944	-3814.406	-3960.401	145.9955	0.8392512	0.7590514	0.3698926	4.938637
10950	-3807.217	-3952.423	145.2055	0.774361	0.853361	0.5154899	5.205444
10956	-3811.365	-3956.008	144.6422	0.8478048	0.9585305	0.3855815	5.540802
10962	-3823.062	-3968.748	145.6864	0.9950606	0.9585305	0.3855815	4.881762
10968	-3796.071	-3941.851	145.7804	0.9509892	0.8639055	0.5091457	4.78704
10974	-3803.334	-3948.199	144.8654	0.8498212	0.8673439	0.4989204	5.357936
10980	-3805.761	-3948.382	142.6204	0.8174151	0.8673439	0.4356936	6.660263
10986	-3804.083	-3949.489	145.4052	0.8600744	1.113484	0.4356936	4.976461
10992	-3809.186	-3954.744	145.558	0.9054528	0.7773261	0.3943102	5.105516
10998	-3801.088	-3946.183	145.0956	0.9716033	1.170607	0.3943102	5.10092
11004	-3800.618	-3943.002	142.3848	0.8506725	1.170607	0.5033381	6.543939
11010	-3795.989	-3939.783	143.7934	0.80366	1.107573	0.4825515	5.853324
11016	-3804.733	-3948.889	144.1561	0.854583	1.107573	0.4940788	5.616163
11022	-3807.172	-3951.479	144.3076	0.8796245	0.9288674	0.4940788	5.616163
11028	-3801.636	-3946.587	144.9517	0.8763495	0.8399819	0.4894963	5.321337
11034	-3796.531	-3939.747	143.2161	0.915914	0.8698187	0.4894963	6.231546
11040	-3796.59	-3939.852	143.2624	0.9406637	1.191841	0.4811745	6.02826
11046	-3798.219	-3943.096	144.8771	0.8933156	0.6578146	0.483345	5.483533
11052	-3801.374	-3947.513	146.1389	0.9914908	0.9930876	0.483345	4.510931
11058	-3790.949	-3935.399	144.4495	0.8838717	0.9930876	0.5554636	5.445492
11064	-3788.117	-3933.123	145.0061	0.8330941	0.9930876	0.5554636	5.16627
11070	-3799.869	-3945.574	145.7053	0.8845718	0.9930876	0.4171023	4.879408
11076	-3810.279	-3954.822	144.5424	0.9486385	1.054856	0.4816031	5.390853
11082	-3813.191	-3958.262	145.0714	0.9365437	0.9974249	0.52034	5.100947
11088	-3794.332	-3937.911	143.5789	0.8179308	0.9159294	0.4363562	6.110636
11094	-3808.13	-3951.694	143.564	0.6814323	0.8230293	0.3612453	6.32804
11100	-3816.78	-3962.57	145.7897	0.9720181	0.8860628	0.4504098	4.812286
11106	-3804.021	-3949.734	145.7127	0.9720181	1.111002	0.4504098	4.729148
11112	-3803.378	-3948.39	145.012	0.9026399	0.7905542	0.4504098	5.34258
11118	-3803.26	-3947.665	144.4051	0.889211	0.9131751	0.4504098	5.607786
11124	-3804.072	-3948.783	144.7106	0.8649868	0.9285671	0.3801725	5.516873
11130	-3801.404	-3946.128	144.7244	0.8697899	0.9111234	0.3801725	5.516873
11136	-3802.374	-3947.069	144.6954	0.8697899	1.248887	0.3008793	5.450335
11142	-3809.457	-3954.508	145.0511	0.9517416	0.9434418	0.4548822	5.195391
11148	-3801.1	-3945.9	144.7999	0.7860793	0.9434418	0.4328454	5.447251
11154	-3801.276	-3946.184	144.9075	0.8056235	0.9434418	0.4328454	5.377194
11160	-3799.117	-3943.543	144.4267	0.8440242	0.9037393	0.4328454	5.643692
11166	-3797.35	-3943.589	146.239	0.9650555	0.9037393	0.4535575	4.550752
11172	-3800.324	-3946.524	146.1999	0.9979398	0.9037393	0.4571143	4.550752
11178	-3804.616	-3951.151	146.5347	1.117438	0.9997061	0.3190353	4.392655
11184	-3801.394	-3946.925	145.5311	0.957159	1.077738	0.3837771	4.92581
11190	-3814.056	-3960.249	146.1926	1.018775	0.7530257	0.5424076	4.561316
11196	-3817.537	-3964.277	146.7398	0.9686307	0.9687329	0.4908677	4.191151
11202	-3804.385	-3951.094	146.7088	1.125136	0.8239912	0.5304229	4.172594
11208	-3809.621	-3956.043	146.4221	0.9835039	0.808043	0.5304229	4.425491
11214	-3792.753	-3936.989	144.237	0.7617162	0.808043	0.4571648	5.827705
11220	-3816.658	-3958.939	142.2816	0.8184119	1.042431	0.4201694	6.760124
11226	-3812.579	-3956.232	143.653	0.8285555	0.8360775	0.4201694	6.128721
11232	-3813.508	-3958.934	145.4265	0.9001163	0.8360775	0.3323229	5.213743
11238	-3797.522	-3943.331	145.8098	1.03045	0.9270362	0.3825687	4.814915
11244	-3804.204	-3949.56	145.3559	0.9412638	1.079333	0.5239566	4.892737
11250	-3810.001	-3953.042	143.0403	0.8744647	1.079333	0.5239566	6.202558
11256	-3806.412	-3950.092	143.6798	0.8773006	0.774813	0.3498481	6.202558
11262	-3806.938	-3950.67	143.7315	0.7790702	0.7358641	0.3965892	6.202558
11268	-3803.656	-3947.957	144.3008	0.8509635	0.7012507	0.4318565	5.840802
11274	-3798.716	-3942.163	143.4473	0.826662	0.9927519	0.421705	6.148834
11280	-3798.424	-3942.34	143.9154	0.809005	1.10914	0.4251486	5.838433
11286	-3819.178	-3963.363	144.1851	0.809005	0.8450856	0.4251486	5.838433
11292	-3821.238	-3965.548	144.3098	0.752804	0.9927519	0.3859694	5.755741
11298	-3808.05	-3952.322	144.2719	0.8646629	1.123139	0.3859694	5.646607
11304	-3815.489	-3958.505	143.0158	0.7376624	1.16632	0.3893409	6.376119
11310	-3814.459	-3958.433	143.9738	0.8686783	1.004348	0.5223048	5.737388
11316	-3800.121	-3944.102	143.9803	0.924358	1.004348	0.484581	5.737388
11322	-3800.831	-3945.094	144.2624	0.8069554	0.8691927	0.4682708	5.740257
11328	-3796.624	-3940.651	144.0271	0.8506936	1.027089	0.4274921	5.794907
11334	-3794.448	-3937.493	143.0451	0.7535911	0.9147683	0.4498843	6.423092
11340	-3797.856	-3942.564	144.708	0.8434422	0.9455302	0.4498843	5.448189
11346	-3799.699	-3943.299	143.5999	0.8518911	0.953956	0.4100757	6.085463
11352	-3795.821	-3940.443	144.622	0.9533648	0.8911772	0.4100757	5.5071
11358	-3797.969	-3942.596	144.6271	0.921634	0.7270606	0.4100757	5.627465
11364	-3803.218	-3947.935	144.7168	0.866248	0.9455806	0.4100757	5.470977
11370	-3803.086	-3947.816	144.7299	0.9573407	0.7880741	0.4100757	5.51019
11376	-3811.561	-3954.949	143.3876	0.8997392	1.013908	0.2897887	6.280469
11382	-3807.098	-3952.389	145.2916	1.058117	0.7231923	0.3980696	5.201554
11388	-3799.507	-3945.817	146.3099	1.109588	0.7598894	0.3848828	4.594641
11394	-3806.026	-3952.172	146.146	1.127411	0.8408174	0.4110061	4.594641
11400	-3801.112	-3946.72	145.6079	0.9273038	0.7472104	0.4110061	5.068408
11406	-3817.074	-3961.206	144.1314	0.9527726	0.7472104	0.4110061	5.867069
11412	-3809.448	-3953.786	144.3377	0.8702655	0.7680601	0.4110061	5.785351
11418	-3800.263	-3943.491	143.2275	0.8163108	0.7997749	0.4468451	6.363102
11424	-3813.649	-3957.279	143.6294	0.847758	0.7793375	0.4468451	6.140808
11430	-3818.405	-3961.47	143.0654	0.7348557	0.7793375	0.4468451	6.508345
11436	-3814.151	-3957.002	142.8508	0.7116203	0.7793375	0.4787409	6.606932
11442	-3810.654	-3954.49	143.8353	0.8154028	0.7260324	0.4787409	6.051838
11448	-3806.304	-3950.528	144.2236	0.8297956	0.7260324	0.3502956	5.964526
11454	-3811.205	-3955.427	144.2218	0.812634	0.7411082	0.3502956	5.964526
11460	-3803.127	-3947.613	144.4864	0.8369253	0.7411082	0.3502956	5.806674
11466	-3803.869	-3948.376	144.5079	0.9174741	0.7411082	0.3502956	5.750845
11472	-3812.436	-3959.32	146.8838	1.119452	0.987541	0.3502956	4.162334
11478	-3811.035	-3957.61	146.5752	1.065562	0.9125438	0.407306	4.347247
11484	-3806.649	-3952.763	146.1138	0.9424072	0.94744	0.4743517	4.587436
11490	-3809.181	-3954.605	145.4238	0.9502034	0.94744	0.5301949	4.917236
11496	-3815.411	-3961.592	146.1807	0.9502034	0.7661828	0.5380451	4.601261
11502	-3810.769	-3955.579	144.8102	0.8481337	0.7661828	0.4327739	5.517387
11508	-3809.469	-3954.364	144.8948	0.8955425	0.7661828	0.4327739	5.444771
11514	-3811.133	-3954.883	143.7501	0.8188009	0.7442375	0.4327739	6.128111
11520	-3812.254	-3955.706	143.4517	0.7071879	1.0886	0.4548849	6.128111
11526	-3806.547	-3951.686	145.1387	0.8651482	0.9551478	0.4412253	5.20159
11532	-3804.877	-3948.738	143.8616	0.7932992	0.9787088	0.4135021	5.957357
11538	-3794.566	-3938.485	143.9188	0.8694983	0.9787088	0.3466677	5.957357
11544	-3810.471	-3954.557	144.0857	0.778265	0.8325222	0.2927835	6.067872
11550	-3801.833	-3946.358	144.5249	0.8698274	0.7603988	0.4574958	5.641717
11556	-3809.761	-3954.851	145.0903	0.7888575	1.086657	0.4659563	5.174615
11562	-3810.784	-3955.72	144.9361	0.9657493	1.086657	0.4006292	5.228091
11568	-3802.061	-3946.951	144.8906	0.9893768	0.8571281	0.4006292	5.370015
11574	-3804.154	-3950.541	146.3875	1.163479	0.9065472	0.4006292	4.408746
11580	-3797.876	-3944.059	146.1834	1.030815	0.8896605	0.4006292	4.60846
11586	-3796.388	-3940.526	144.1377	0.9922462	0.8896605	0.4006292	5.762282
11592	-3798.383	-3943.059	144.676	0.9751192	1.002334	0.6100697	5.220294
11598	-3794.018	-3939.463	145.4453	0.8518699	0.689036	0.4833742	5.169767
11604	-3795.068	-3939.555	144.4867	0.8036495	0.9339222	0.4843956	5.565526
11610	-3795.551	-3939.907	144.3561	0.7698465	0.9567891	0.4843956	5.64272
11616	-3793.555	-3936.353	142.7982	0.8493351	0.9353566	0.3699499	6.575372
11622	-3800.739	-3943.801	143.0623	0.8960963	0.9353566	0.5059592	6.272597
11628	-3800.957	-3947.181	146.2236	0.9888072	0.8851983	0.3505842	4.668638
11634	-3803.301	-3946.607	143.3054	0.7467014	0.8678159	0.3694901	6.396236
11640	-3813.845	-3958.663	144.8184	0.9353286	0.9940092	0.4258744	5.333315
11646	-3800.236	-3943.926	143.6906	0.8530479	0.9940092	0.4952666	5.930661
11652	-3818.506	-3962.514	144.0074	0.7146131	0.7899492	0.5224597	5.930661
11658	-3805.219	-3948.344	143.1248	0.788459	1.157222	0.3864845	6.296854
11664	-3809.433	-3953.704	144.2708	0.9385596	0.9014875	0.4614623	5.650634
11670	-3800.718	-3945.391	144.6721	0.9436869	0.9334336	0.437501	5.431973
11676	-3801.708	-3945.782	144.0749	0.8776259	0.9153658	0.5419984	5.710363
11682	-3804.191	-3948.342	144.1512	0.9180338	1.063969	0.3497476	5.754346
11688	-3810.695	-3955.459	144.7646	0.9269485	0.9305619	0.3644088	5.469454
11694	-3806.003	-3951.248	145.2445	0.8683413	0.8891137	0.4587135	5.162856
11700	-3810.41	-3953.456	143.0462	0.9000031	1.051845	0.5041123	6.217227
11706	-3800.021	-3944.757	144.736	0.8729329	1.032437	0.5041123	5.317068
11712	-3809.655	-3954.404	144.7487	0.9195972	0.9472936	0.520362	5.317068
11718	-3810.119	-3955.492	145.3726	0.7933933	0.8292443	0.4397913	5.189221
11724	-3818.385	-3961.731	143.3464	0.7536335	1.169479	0.3987437	6.176348
11730	-3809.667	-3954.095	144.428	0.7804281	0.8729695	0.4955914	5.636291
11736	-3811.064	-3956.897	145.8329	0.9788045	0.7683837	0.5615012	4.75818
11742	-3804.504	-3949.081	144.5776	0.9243637	0.7683837	0.4534376	5.581441
11748	-3814.057	-3958.764	144.7069	0.8899087	0.7349208	0.4238637	5.581441
11754	-3825.905	-3969.748	143.843	0.8606056	0.8931929	0.4444361	5.948791
11760	-3816.303	-3960.246	143.9436	0.8098564	0.8755372	0.4195272	5.956982
11766	-3811.682	-3957.007	145.3252	0.8821308	0.7839358	0.3534186	5.288461
11772	-3806.091	-3951.081	144.9905	0.8876811	0.7839358	0.3952409	5.423527
11778	-3813.202	-3958.941	145.739	1.011378	1.044488	0.5910161	4.60063
11784	-3806.543	-3952.725	146.1821	0.9153953	0.8206276	0.5912281	4.538406
11790	-3806.865	-3950.784	143.919	0.9223281	0.7420218	0.5177861	5.901538
11796	-3799.017	-3944.828	145.8108	0.9628619	1.035835	0.5129751	4.659822
11802	-3801.87	-3948.859	146.9893	1.086013	1.087682	0.3879972	4.022046
11808	-3801.163	-3945.752	144.5885	0.8501747	0.9782157	0.5579456	5.393653
11814	-3808.92	-3954.483	145.5623	0.8728082	0.7170645	0.4836719	5.072923
11820	-3806.73	-3952.077	145.3471	0.9636931	0.8778903	0.460329	5.058386
11826	-3815.178	-3960.574	145.3959	0.7984593	0.7130239	0.4428661	5.248471
11832	-3807.844	-3952.319	144.4751	0.8885405	0.8082845	0.4633825	5.621641
11838	-3804.598	-3950.235	145.6377	1.025142	0.7032233	0.324495	5.126615
11844	-3814.363	-3959.823	145.4594	0.8988209	0.923537	0.4643866	5.000746
11850	-3801.074	-3947.812	146.7378	1.045171	0.7604698	0.4643866	4.306471
11856	-3814.582	-3958.974	144.3914	0.9057362	1.361421	0.6089932	5.241034
11862	-3800.853	-3944.902	144.0489	0.9429256	1.009998	0.4573875	5.712228
11868	-3801.097	-3947.559	146.4618	1.029104	0.9695098	0.4573875	4.34646
11874	-3802.995	-3949.395	146.4006	1.020723	0.858578	0.5206914	4.392706
11880	-3797.524	-3942.383	144.8589	0.8989164	0.876242	0.5056514	5.322873
11886	-3797.309	-3941.808	144.4986	0.8989164	0.876242	0.3726349	5.65402
11892	-3800.367	-3942.148	141.7808	0.7598183	0.9311936	0.5571124	6.997866
11898	-3801.732	-3943.504	141.7721	0.7991557	0.9311936	0.5373368	6.997866
11904	-3793.66	-3936.657	142.9969	0.7955482	1.006539	0.5468606	6.287767
11910	-3795.04	-3939.911	144.8713	0.8838481	0.7875524	0.4263102	5.456457
11916	-3808.942	-3952.697	143.7549	0.8226202	0.7875524	0.360202	6.171349
11922	-3797.189	-3940.936	143.7474	0.8572011	0.7783494	0.3889258	6.13114
11928	-3808.344	-3952.448	144.1041	0.8481051	0.7026301	0.3889258	5.993287
11934	-3805.039	-3949.401	144.3615	0.9583217	0.9475947	0.4249765	5.599176
11940	-3802.23	-3947.151	144.921	0.8119273	1.065643	0.4708793	5.261803
11946	-3805.326	-3950.211	144.8846	0.8113091	1.065643	0.4946619	5.260004
11952	-3803.48	-3946.841	143.3607	0.7998639	0.8634354	0.5319845	6.182257
11958	-3806.648	-3952.009	145.361	0.8643815	0.6967292	0.3548396	5.337046
11964	-3800.811	-3947.237	146.4257	0.9436617	0.9278761	0.37061	4.531575
11970	-3815.357	-3960.555	145.1988	0.9964958	0.9801814	0.5097635	5.016131
11976	-3813.198	-3958.873	145.6749	0.9825923	0.9801814	0.4382516	4.827251
11982	-3802.733	-3948.854	146.1208	0.9591462	0.9480014	0.4481945	4.599474
11988	-3798.307	-3943.567	145.2599	0.7793516	0.8744908	0.4481945	5.222748
11994	-3798.142	-3942.196	144.0546	0.8677841	0.8814764	0.396527	5.885037
12000	-3805.287	-3948.325	143.0382	0.6586142	0.9580597	0.396527	6.507328
12006	-3803.993	-3947.968	143.975	0.8090068	0.8325241	0.396527	5.990608
12012	-3805.748	-3950.803	145.0552	0.9364872	1.051823	0.3071981	5.305081
12018	-3801.641	-3947.741	146.1006	1.077011	0.7180365	0.2794207	4.888222
12024	-3798.542	-3943.69	145.1479	0.8939087	0.7180365	0.461467	5.310983
12030	-3812.097	-3957.461	145.3648	0.7733899	0.7180365	0.4328403	5.285999
12036	-3801.179	-3947.604	146.4249	0.9611955	0.6649797	0.5287104	4.539139
12042	-3796.764	-3940.819	144.0559	0.9515451	0.7659836	0.5224715	5.790409
12048	-3804.432	-3948.969	144.5363	0.9027727	0.7594919	0.5224715	5.558105
12054	-3807.195	-3951.272	144.0766	0.8019487	0.7374146	0.4243121	5.972467
12060	-3800.356	-3946.373	146.0171	0.9684663	0.8906594	0.3809729	4.757354
12066	-3796.514	-3942.567	146.053	0.9326223	0.8906594	0.3809729	4.757354
12072	-3802.403	-3947.06	144.6566	0.9762738	0.8906594	0.4022872	5.48392
12078	-3805.08	-3949.755	144.6749	0.9579832	0.8906594	0.4022872	5.48392
12084	-3800.704	-3944.383	143.6799	0.8926924	0.8664915	0.4614672	6.019848
12090	-3806.052	-3950.551	144.499	1.010476	0.8664915	0.5696877	5.41027
12096	-3807.306	-3952.953	145.6475	0.9236343	0.7760538	0.5197898	4.92356
12102	-3799.864	-3944.714	144.8497	0.8306917	1.004425	0.455764	5.338279
12108	-3794.811	-3939.423	144.6122	0.8982558	1.163828	0.3644125	5.444783
12114	-3804.279	-3947.915	143.636	0.8878043	1.077677	0.3644125	6.028571
12120	-3807.658	-3951.395	143.7371	0.8817527	0.9532629	0.3891871	6.016779
12126	-3806.99	-3951.096	144.1053	0.8622564	0.9114806	0.4130808	5.825248
12132	-3804.305	-3949.267	144.9624	1.009676	0.8059498	0.4130808	5.338533
12138	-3810.552	-3955.494	144.9417	0.8864741	0.7921527	0.4130808	5.426839
12144	-3810.723	-3955.618	144.8947	0.8531824	0.9686999	0.4912061	5.28734
12150	-3804.904	-3948.653	143.7493	0.8105092	0.9685843	0.6128907	5.836833
12156	-3804.363	-3949.75	145.3868	0.9185639	0.9685843	0.4983755	4.971953
12162	-3805.419	-3950.663	145.2439	0.928509	1.033945	0.3571247	5.154459
12168	-3806.582	-3951.905	145.3224	0.9891665	1.033945	0.4784644	4.950813
12174	-3803.264	-3948.456	145.1918	0.9183206	1.033945	0.4748259	5.066146
12180	-3810.842	-3955.967	145.125	0.8501159	0.6551217	0.4907413	5.365975
12186	-3801.574	-3946.046	144.4716	0.8746352	0.8210923	0.4502019	5.635752
12192	-3801.802	-3947.194	145.3921	0.9436812	0.8551732	0.3142765	5.218902
12198	-3804.899	-3949.04	144.1411	0.8003416	0.8412726	0.4021548	5.893258
